Cód.,Persona ID,Persona,CUIT/CUIL/CDI,MC Cód.,MC,Tipo Cuenta,Entidad Bursátil
85400,197325,FINARES S.A.,30710129173,10,FINARES S.A.,Propia,MtR
1010,197325,FINARES S.A.,30710129173,10,FINARES S.A.,Terceros,MtR
1100,5123,KIMEI CEREALES SA,30709540714,100,KIMEI CEREALES SA,Terceros,MtR
141620,5123,KIMEI CEREALES SA,30709540714,100,KIMEI CEREALES SA,Propia,MtR
1105,1807,MEGATENDENCIAS S.A.,30676604509,105,MEGATENDENCIAS S.A.,Terceros,MtR
4107,1807,MEGATENDENCIAS S.A.,30676604509,105,MEGATENDENCIAS S.A.,Propia,MtR
1106,1,ROFEX  INVERSORA S.A.,30528994012,106,ROFEX  INVERSORA S.A.,Terceros,MtR
4100,1,ROFEX  INVERSORA S.A.,30528994012,106,ROFEX  INVERSORA S.A.,Propia,MtR
11575,13003,INVESTIS ASSET MANAGEMENT S.A.S.G.F.C.I.,30697265410,106,ROFEX  INVERSORA S.A.,CEL,MtR
4350,2001,LOS GROBO AGROPECUARIA SA,30604456475,108,LOS GROBO AGROPECUARIA SA,Propia,MtR
1109,2144,CURCIJA SOCIEDAD ANONIMA,30593247739,109,CURCIJA SOCIEDAD ANONIMA,Terceros,MtR
4529,2144,CURCIJA SOCIEDAD ANONIMA,30593247739,109,CURCIJA SOCIEDAD ANONIMA,Propia,MtR
1011,3663,BANCO CREDICOOP COOPERATIVO LTDO,30571421352,11,BANCO CREDICOOP COOPERATIVO LTDO,Terceros,MtR
89000,3663,BANCO CREDICOOP COOPERATIVO LTDO,30571421352,11,BANCO CREDICOOP COOPERATIVO LTDO,Propia,MtR
45374,8138,A.C. INVERSORA S.A.,30707265414,110,A.C. INVERSORA S.A.,Propia,MtR
1110,8138,A.C. INVERSORA S.A.,30707265414,110,A.C. INVERSORA S.A.,Terceros,MtR
1221,1,ROFEX  INVERSORA S.A.,30528994012,110,A.C. INVERSORA S.A.,CEL,MtR
60010,31604,QM ASSET MANAGEMENT SOCIEDAD GERENTE DE FCI SA,33709965579,110,A.C. INVERSORA S.A.,CEL,MtR
60013,2576,COHEN S.A.,30558543317,110,A.C. INVERSORA S.A.,CEL,MtR
60014,42309,ZOFINGEN INVESTMENT SA,30546826321,110,A.C. INVERSORA S.A.,CEL,MtR
60015,4319,STONEX ASSET MANAGEMENT SA,30693764943,110,A.C. INVERSORA S.A.,CEL,MtR
1116,24758,SISTEMAS ESCO SA,33646674099,116,SISTEMAS ESCO SA,Terceros,MtR
1117,45327,VETA CAPITAL S.A.,30715828304,117,VETA CAPITAL S.A.,Terceros,MtR
80500,45327,VETA CAPITAL S.A.,30715828304,117,VETA CAPITAL S.A.,Propia,MtR
1118,936726,EDUARDO D REYNOLDS SRL,33662019319,118,EDUARDO D REYNOLDS SRL,Terceros,MtR
141690,936726,EDUARDO D REYNOLDS SRL,33662019319,118,EDUARDO D REYNOLDS SRL,Propia,MtR
1119,63,LDC ARGENTINA S.A.,30526712729,119,LDC ARGENTINA S.A.,Terceros,MtR
141735,63,LDC ARGENTINA S.A.,30526712729,119,LDC ARGENTINA S.A.,Propia,MtR
1123,24964,COLOMBO Y MAGLIANO SA AGRICOLA GANADERA Y COMERCIAL,30520760535,123,COLOMBO Y MAGLIANO SA AGRICOLA GANADERA Y COMERCIAL,Terceros,MtR
141861,24964,COLOMBO Y MAGLIANO SA AGRICOLA GANADERA Y COMERCIAL,30520760535,123,COLOMBO Y MAGLIANO SA AGRICOLA GANADERA Y COMERCIAL,Propia,MtR
1124,5280,PANAGRICOLA SA,30535175663,124,PANAGRICOLA SA,Terceros,MtR
141900,5280,PANAGRICOLA SA,30535175663,124,PANAGRICOLA SA,Propia,MtR
1125,4654,C & S SRL,30709827711,125,C & S SRL,Terceros,MtR
7666,4654,C & S SRL,30709827711,125,C & S SRL,Propia,MtR
1126,4041,REGION CENTRO AGROPECUARIA SA,30707887636,126,REGION CENTRO AGROPECUARIA SA,Terceros,MtR
9722,4041,REGION CENTRO AGROPECUARIA SA,30707887636,126,REGION CENTRO AGROPECUARIA SA,Propia,MtR
1128,6425,VERGARA Y CIA SRL,30608359032,128,VERGARA Y CIA SRL,Terceros,MtR
9822,6425,VERGARA Y CIA SRL,30608359032,128,VERGARA Y CIA SRL,Propia,MtR
1131,1932,DIAZ RIGANTI CEREALES SRL,30551518694,131,DIAZ RIGANTI CEREALES SRL,Terceros,MtR
9980,1932,DIAZ RIGANTI CEREALES SRL,30551518694,131,DIAZ RIGANTI CEREALES SRL,Propia,MtR
1133,4088,AGROBROKERS S R L,30708123753,133,AGROBROKERS S R L,Terceros,MtR
9954,4088,AGROBROKERS S R L,30708123753,133,AGROBROKERS S R L,Propia,MtR
1136,6561,DILLON WILLIAM SRL,30711263787,136,DILLON WILLIAM SRL,Terceros,MtR
2108,6561,DILLON WILLIAM SRL,30711263787,136,DILLON WILLIAM SRL,Propia,MtR
1144,3749,G Y T PLUS SA,30708777079,144,G Y T PLUS SA,Terceros,MtR
2242,3749,G Y T PLUS SA,30708777079,144,G Y T PLUS SA,Propia,MtR
1145,3787,COMPA#IA AGRARIA  S.A.,30698285202,145,COMPA#IA AGRARIA  S.A.,Terceros,MtR
6665,3787,COMPA#IA AGRARIA  S.A.,30698285202,145,COMPA#IA AGRARIA  S.A.,Propia,MtR
1146,4100,SESNICH - VILLALONGA CEREALES SA,30709014370,146,SESNICH - VILLALONGA CEREALES SA,Terceros,MtR
7481,4100,SESNICH - VILLALONGA CEREALES SA,30709014370,146,SESNICH - VILLALONGA CEREALES SA,Propia,MtR
1149,7128,OLICER CEREALES S.A.,30703563402,149,OLICER CEREALES S.A.,Terceros,MtR
1151,8489,COOPERATIVA  AGROPECUARIA DE ACOPIADORES FEDERADOS LIMITADA,33711586739,151,COOPERATIVA  AGROPECUARIA DE ACOPIADORES FEDERADOS LIMITADA,Terceros,MtR
4108,8489,COOPERATIVA  AGROPECUARIA DE ACOPIADORES FEDERADOS LIMITADA,33711586739,151,COOPERATIVA  AGROPECUARIA DE ACOPIADORES FEDERADOS LIMITADA,Propia,MtR
1152,6632,GARDEL TRADING  S.A.,30711150095,152,GARDEL TRADING  S.A.,Terceros,MtR
4318,6632,GARDEL TRADING  S.A.,30711150095,152,GARDEL TRADING  S.A.,Propia,MtR
1155,6563,FUTUROS Y OPCIONES.COM SA,30703605105,155,FUTUROS Y OPCIONES.COM SA,Terceros,MtR
10939,6563,FUTUROS Y OPCIONES.COM SA,30703605105,155,FUTUROS Y OPCIONES.COM SA,Propia,MtR
1156,10,ASOCIACION DE COOPERATIVAS ARGENTINAS COOP LTDA,30500120882,156,ASOCIACION DE COOPERATIVAS ARGENTINAS COOP LTDA,Terceros,MtR
141975,10,ASOCIACION DE COOPERATIVAS ARGENTINAS COOP LTDA,30500120882,156,ASOCIACION DE COOPERATIVAS ARGENTINAS COOP LTDA,Propia,MtR
1157,22,CARGILL SOCIEDAD ANONIMA COMERCIAL E INDUSTRIAL,30506792165,157,CARGILL SOCIEDAD ANONIMA COMERCIAL E INDUSTRIAL,Terceros,MtR
142140,22,CARGILL SOCIEDAD ANONIMA COMERCIAL E INDUSTRIAL,30506792165,157,CARGILL SOCIEDAD ANONIMA COMERCIAL E INDUSTRIAL,Propia,MtR
1159,8539,PSA LA CALIFORNIA S.A.,30711652996,159,PSA LA CALIFORNIA S.A.,Terceros,MtR
142006,8539,PSA LA CALIFORNIA S.A.,30711652996,159,PSA LA CALIFORNIA S.A.,Propia,MtR
1016,20,BERTOTTO BRUERA Y CIA S A C Y F,30539976091,16,BERTOTTO BRUERA Y CIA S A C Y F,Terceros,MtR
2016,20,BERTOTTO BRUERA Y CIA S A C Y F,30539976091,16,BERTOTTO BRUERA Y CIA S A C Y F,Propia,MtR
1160,4836,PUERTOS S R L,30708357223,160,PUERTOS S R L,Terceros,MtR
142300,4836,PUERTOS S R L,30708357223,160,PUERTOS S R L,Propia,MtR
1161,719,MOLINOS RIO DE LA PLATA S A,30500858628,161,MOLINOS RIO DE LA PLATA S A,Terceros,MtR
142302,719,MOLINOS RIO DE LA PLATA S A,30500858628,161,MOLINOS RIO DE LA PLATA S A,Propia,MtR
1162,307882,BRESUR CEREALES SA,30640019227,162,BRESUR CEREALES SA,Terceros,MtR
142409,307882,BRESUR CEREALES SA,30640019227,162,BRESUR CEREALES SA,Propia,MtR
1163,918495,GRAINCOM S A,30619751325,163,GRAINCOM S A,Terceros,MtR
142540,918495,GRAINCOM S A,30619751325,163,GRAINCOM S A,Propia,MtR
1164,321,GAFER CEREALES S R L,30627419658,164,GAFER CEREALES S R L,Terceros,MtR
142553,321,GAFER CEREALES S R L,30627419658,164,GAFER CEREALES S R L,Propia,MtR
1165,918489,COTIZAR SA,30618371200,165,COTIZAR SA,Terceros,MtR
142870,918489,COTIZAR SA,30618371200,165,COTIZAR SA,Propia,MtR
1166,3382,VITERRA ARGENTINA S.A.,33502232229,166,VITERRA ARGENTINA S.A.,Terceros,MtR
142875,3382,VITERRA ARGENTINA S.A.,33502232229,166,VITERRA ARGENTINA S.A.,Propia,MtR
1168,9887,BLD FINANZAS S.A.,30711276188,168,BLD FINANZAS S.A.,Terceros,MtR
143350,9887,BLD FINANZAS S.A.,30711276188,168,BLD FINANZAS S.A.,Propia,MtR
1170,112,AGROMAR S R L,33680453999,170,AGROMAR S R L,Terceros,MtR
143540,112,AGROMAR S R L,33680453999,170,AGROMAR S R L,Propia,MtR
1171,20624,ZULU VALORES SOCIEDAD ANONIMA,30677242570,171,ZULU VALORES SOCIEDAD ANONIMA,Terceros,MtR
144940,20624,ZULU VALORES SOCIEDAD ANONIMA,30677242570,171,ZULU VALORES SOCIEDAD ANONIMA,Propia,MtR
1172,6954088,ACA VALORES S.A.,30716908816,172,ACA VALORES S.A.,Terceros,MtR
146410,6954088,ACA VALORES S.A.,30716908816,172,ACA VALORES S.A.,Propia,MtR
163950,10,ASOCIACION DE COOPERATIVAS ARGENTINAS COOP LTDA,30500120882,172,ACA VALORES S.A.,CEL,MtR
1174,6165106,UALINTEC CAPITAL AGENTE DE LIQUIDACION Y COMPENSACION INTEGRAL,30717096246,174,UALINTEC CAPITAL AGENTE DE LIQUIDACION Y COMPENSACION INTEGRAL,Terceros,MtR
147045,6165106,UALINTEC CAPITAL AGENTE DE LIQUIDACION Y COMPENSACION INTEGRAL,30717096246,174,UALINTEC CAPITAL AGENTE DE LIQUIDACION Y COMPENSACION INTEGRAL,Propia,MtR
1155000,6165106,UALINTEC CAPITAL AGENTE DE LIQUIDACION Y COMPENSACION INTEGRAL,30717096246,174,UALINTEC CAPITAL AGENTE DE LIQUIDACION Y COMPENSACION INTEGRAL,CEL,MtR
1175,45330,GALICIA SECURITIES S.A.U.,33715146059,175,GALICIA SECURITIES S.A.U.,Terceros,MtR
148000,45330,GALICIA SECURITIES S.A.U.,33715146059,175,GALICIA SECURITIES S.A.U.,Propia,MtR
1177,7376546,WIN SECURITIES S.A.,30693204603,177,WIN SECURITIES S.A.,Terceros,MtR
149560,7376546,WIN SECURITIES S.A.,30693204603,177,WIN SECURITIES S.A.,Propia,MtR
1178,26912,AMERICA AGROCOMERCIAL SRL,30711602549,178,AMERICA AGROCOMERCIAL SRL,Terceros,MtR
149860,26912,AMERICA AGROCOMERCIAL SRL,30711602549,178,AMERICA AGROCOMERCIAL SRL,Propia,MtR
2018,22,CARGILL SOCIEDAD ANONIMA COMERCIAL E INDUSTRIAL,30506792165,18,CARGILL SOCIEDAD ANONIMA COMERCIAL E INDUSTRIAL,Propia,MtR
1180,7645222,QUANT CAPITAL S.A.,30717142388,180,QUANT CAPITAL S.A.,Terceros,MtR
151720,7645222,QUANT CAPITAL S.A.,30717142388,180,QUANT CAPITAL S.A.,Propia,MtR
1181,4887,MEDITERRANEA VALORES Y ACCIONES S.A.,33709327629,181,MEDITERRANEA VALORES Y ACCIONES S.A.,Terceros,MtR
156240,4887,MEDITERRANEA VALORES Y ACCIONES S.A.,33709327629,181,MEDITERRANEA VALORES Y ACCIONES S.A.,Propia,MtR
1182,1257680,REDES DEL AGRO,30716182661,182,REDES DEL AGRO,Terceros,MtR
157490,1257680,REDES DEL AGRO,30716182661,182,REDES DEL AGRO,Propia,MtR
1183,3003,PROVINCIA BURSATIL S. A.,30660281386,183,PROVINCIA BURSATIL S. A.,Terceros,MtR
158400,3003,PROVINCIA BURSATIL S. A.,30660281386,183,PROVINCIA BURSATIL S. A.,Propia,MtR
1185,25574,BACS ADMINISTRADORA DE ACTIVOS S.A. SOC.GTE. DE FOND.COM. DE I,30660515980,185,BACS ADMINISTRADORA DE ACTIVOS S.A. SOC.GTE. DE FOND.COM. DE I,Terceros,MtR
160900,25574,BACS ADMINISTRADORA DE ACTIVOS S.A. SOC.GTE. DE FOND.COM. DE I,30660515980,185,BACS ADMINISTRADORA DE ACTIVOS S.A. SOC.GTE. DE FOND.COM. DE I,Propia,MtR
1186,6603189,PGA  VALORES S.A.,33717078719,186,PGA  VALORES S.A.,Terceros,MtR
162600,6603189,PGA  VALORES S.A.,33717078719,186,PGA  VALORES S.A.,Propia,MtR
162950,11918,MR ADMINISTRADORA DE INVERSIONES SOCIEDAD DE BOLSA SA ,30708244186,187,MR ADMINISTRADORA DE INVERSIONES SOCIEDAD DE BOLSA SA ,Propia,MtR
1187,11918,MR ADMINISTRADORA DE INVERSIONES SOCIEDAD DE BOLSA SA ,30708244186,187,MR ADMINISTRADORA DE INVERSIONES SOCIEDAD DE BOLSA SA ,Terceros,MtR
14679,35,BOLSA DE COMERCIO DE ROSARIO ASOCIACION CIVIL,30526414086,199,BOLSA DE COMERCIO DE ROSARIO ASOCIACION CIVIL,Propia,MtR
1199,35,BOLSA DE COMERCIO DE ROSARIO ASOCIACION CIVIL,30526414086,199,BOLSA DE COMERCIO DE ROSARIO ASOCIACION CIVIL,Terceros,MtR
1204,2256,TRANSATLANTICA S.A.  BURSATIL,30630730879,204,TRANSATLANTICA S.A.  BURSATIL,Terceros,MtR
4669,2256,TRANSATLANTICA S.A.  BURSATIL,30630730879,204,TRANSATLANTICA S.A.  BURSATIL,Propia,MtR
1148,4527,CORREDORA PAMPEANA S.R.L.,33707986749,205,LBO S A,AN,MtR
1205,2262,LBO S A,30707796223,205,LBO S A,Terceros,MtR
4675,2262,LBO S A,30707796223,205,LBO S A,Propia,MtR
10670,10,ASOCIACION DE COOPERATIVAS ARGENTINAS COOP LTDA,30500120882,205,LBO S A,CEL,MtR
10781,2262,LBO S A,30707796223,205,LBO S A,CER,MtR
51000,4533,BANCO DE VALORES S A,30576124275,205,LBO S A,CER,MtR
93500,3817,BANCO DE GALICIA Y BUENOS AIRES S A U,30500001735,205,LBO S A,CER,MtR
1206,2261,INSTITUTO MANDATARIO DE RECAUDACIONES SA,30640033173,206,INSTITUTO MANDATARIO DE RECAUDACIONES SA,Terceros,MtR
4676,2261,INSTITUTO MANDATARIO DE RECAUDACIONES SA,30640033173,206,INSTITUTO MANDATARIO DE RECAUDACIONES SA,Propia,MtR
1021,25,GRANAR S A COMERCIAL Y FINANCIERA,30528981700,21,GRANAR S A COMERCIAL Y FINANCIERA,Terceros,MtR
2021,25,GRANAR S A COMERCIAL Y FINANCIERA,30528981700,21,GRANAR S A COMERCIAL Y FINANCIERA,Propia,MtR
1218,2309,NASINI  SOCIEDAD ANONIMA,30707645608,218,NASINI  SOCIEDAD ANONIMA,Terceros,MtR
4729,2309,NASINI  SOCIEDAD ANONIMA,30707645608,218,NASINI  SOCIEDAD ANONIMA,Propia,MtR
1022,26,GRASSI  S.A.,30539435589,22,GRASSI  S.A.,Terceros,MtR
2022,26,GRASSI  S.A.,30539435589,22,GRASSI  S.A.,Propia,MtR
1226,574,VICENTIN S.A.I.C.,30500959629,226,VICENTIN S.A.I.C.,Terceros,MtR
4804,574,VICENTIN S.A.I.C.,30500959629,226,VICENTIN S.A.I.C.,Propia,MtR
1227,2385,BANCO ITAU ARGENTINA S A,30580189411,227,BANCO ITAU ARGENTINA S A,Terceros,MtR
4814,2385,BANCO ITAU ARGENTINA S A,30580189411,227,BANCO ITAU ARGENTINA S A,Propia,MtR
1229,2639,BANCO FINANSUR S A,30518954241,229,BANCO FINANSUR S A,Terceros,MtR
5106,2639,BANCO FINANSUR S A,30518954241,229,BANCO FINANSUR S A,Propia,MtR
1023,27,GUARDATI TORTI SOCIEDAD ANONIMA,30576144160,23,GUARDATI TORTI SOCIEDAD ANONIMA,Terceros,MtR
2023,27,GUARDATI TORTI SOCIEDAD ANONIMA,30576144160,23,GUARDATI TORTI SOCIEDAD ANONIMA,Propia,MtR
1231,2495,BANCO VOII S A,30546741636,231,BANCO VOII S A,Terceros,MtR
4942,2495,BANCO VOII S A,30546741636,231,BANCO VOII S A,Propia,MtR
1233,2640,BANCO INDUSTRIAL SOCIEDAD ANONIMA,30685029959,233,BANCO INDUSTRIAL SOCIEDAD ANONIMA,Terceros,MtR
5107,2640,BANCO INDUSTRIAL SOCIEDAD ANONIMA,30685029959,233,BANCO INDUSTRIAL SOCIEDAD ANONIMA,Propia,MtR
149800,2640,BANCO INDUSTRIAL SOCIEDAD ANONIMA,30685029959,233,BANCO INDUSTRIAL SOCIEDAD ANONIMA,CEL,MtR
5149,2674,ENLACE INT S.A.,30661896910,234,ENLACE INT S.A.,Propia,MtR
1236,2888,BANCO MARIVA S A,30516420444,236,BANCO MARIVA S A,Terceros,MtR
5397,2888,BANCO MARIVA S A,30516420444,236,BANCO MARIVA S A,Propia,MtR
1246,3039,J A Y ASOCIADOS  S A,30663481793,246,J A Y ASOCIADOS  S A,Terceros,MtR
5569,3039,J A Y ASOCIADOS  S A,30663481793,246,J A Y ASOCIADOS  S A,Propia,MtR
1247,3043,NUEVO BANCO DE SANTA FE SA,30692432661,247,NUEVO BANCO DE SANTA FE SA,Terceros,MtR
5574,3043,NUEVO BANCO DE SANTA FE SA,30692432661,247,NUEVO BANCO DE SANTA FE SA,Propia,MtR
1249,422,AGRICULTORES FEDERADOS ARGENTINOS SOC COOP LTDA,30525718626,249,AGRICULTORES FEDERADOS ARGENTINOS SOC COOP LTDA,Terceros,MtR
4761,422,AGRICULTORES FEDERADOS ARGENTINOS SOC COOP LTDA,30525718626,249,AGRICULTORES FEDERADOS ARGENTINOS SOC COOP LTDA,Propia,MtR
1255,3240,PAMPA TRADING  S.A..,30708462922,255,PAMPA TRADING  S.A..,Terceros,MtR
5975,3240,PAMPA TRADING  S.A..,30708462922,255,PAMPA TRADING  S.A..,Propia,MtR
1256,3526,BANCO DE LA NACION ARGENTINA,30500010912,256,BANCO DE LA NACION ARGENTINA,Terceros,MtR
6147,3526,BANCO DE LA NACION ARGENTINA,30500010912,256,BANCO DE LA NACION ARGENTINA,Propia,MtR
1258,3299,FX CAPITAL S.R.L.,33708379609,258,FX CAPITAL S.R.L.,Terceros,MtR
5875,3299,FX CAPITAL S.R.L.,33708379609,258,FX CAPITAL S.R.L.,Propia,MtR
1026,30,ENRIQUE R ZENI Y CIA SACIAFEI,30512823099,26,ENRIQUE R ZENI Y CIA SACIAFEI,Terceros,MtR
2026,30,ENRIQUE R ZENI Y CIA SACIAFEI,30512823099,26,ENRIQUE R ZENI Y CIA SACIAFEI,Propia,MtR
6176,63,LDC ARGENTINA S.A.,30526712729,26,ENRIQUE R ZENI Y CIA SACIAFEI,CEL,MtR
10535,63,LDC ARGENTINA S.A.,30526712729,26,ENRIQUE R ZENI Y CIA SACIAFEI,CEL,MtR
11641,60,COFCO INTERNATIONAL ARGENTINA S.A.,33506737449,26,ENRIQUE R ZENI Y CIA SACIAFEI,CEL,MtR
52500,428,ACEITERA GENERAL DEHEZA S A,30502874353,26,ENRIQUE R ZENI Y CIA SACIAFEI,CEL,MtR
1262,3782,BANCO DE LA CIUDAD DE BUENOS AIRES,30999032083,262,BANCO DE LA CIUDAD DE BUENOS AIRES,Terceros,MtR
6478,3782,BANCO DE LA CIUDAD DE BUENOS AIRES,30999032083,262,BANCO DE LA CIUDAD DE BUENOS AIRES,Propia,MtR
6517,3804,BANCO SANTANDER ARGENTINA SOCIEDAD ANONIMA,30500008454,266,BANCO SANTANDER ARGENTINA SOCIEDAD ANONIMA,Propia,MtR
1267,3817,BANCO DE GALICIA Y BUENOS AIRES S A U,30500001735,267,BANCO DE GALICIA Y BUENOS AIRES S A U,Terceros,MtR
6521,3817,BANCO DE GALICIA Y BUENOS AIRES S A U,30500001735,267,BANCO DE GALICIA Y BUENOS AIRES S A U,Propia,MtR
1269,3869,ECO VALORES S.A.,30709181897,269,ECO VALORES S.A.,Terceros,MtR
6602,3869,ECO VALORES S.A.,30709181897,269,ECO VALORES S.A.,Propia,MtR
1270,2688,BANCO MACRO SOCIEDAD ANONIMA,30500010084,270,BANCO MACRO SOCIEDAD ANONIMA,Terceros,MtR
6619,2688,BANCO MACRO SOCIEDAD ANONIMA,30500010084,270,BANCO MACRO SOCIEDAD ANONIMA,Propia,MtR
6646,3904,HSBC BANK ARGENTINA S.A.,33537186009,273,HSBC BANK ARGENTINA S.A.,Propia,MtR
1274,3947,BANCO BBVA ARGENTINA S.A.,30500003193,274,BANCO BBVA ARGENTINA S.A.,Terceros,MtR
6702,3947,BANCO BBVA ARGENTINA S.A.,30500003193,274,BANCO BBVA ARGENTINA S.A.,Propia,MtR
6767,3996,JPMORGAN CHASE BANK NATIONAL ASSOCIATION SUCURSAL BUENOS AIRES,30583137943,276,JPMORGAN CHASE BANK NATIONAL ASSOCIATION SUCURSAL BUENOS AIRES,Propia,MtR
1278,4069,INDUSTRIAL AND COMMERCIAL BANK OF CHINA (ARGENTINA) S.A.U.,30709447846,278,INDUSTRIAL AND COMMERCIAL BANK OF CHINA (ARGENTINA) S.A.U.,Terceros,MtR
6884,4069,INDUSTRIAL AND COMMERCIAL BANK OF CHINA (ARGENTINA) S.A.U.,30709447846,278,INDUSTRIAL AND COMMERCIAL BANK OF CHINA (ARGENTINA) S.A.U.,Propia,MtR
89250,3350420,CREDITO REGIONAL COMPAÑIA FINANCIERA S.A.,30716226944,28,CREDITO REGIONAL COMPAÑIA FINANCIERA S.A.,Propia,MtR
1028,3350420,CREDITO REGIONAL COMPAÑIA FINANCIERA S.A.,30716226944,28,CREDITO REGIONAL COMPAÑIA FINANCIERA S.A.,Terceros,MtR
1282,10,ASOCIACION DE COOPERATIVAS ARGENTINAS COOP LTDA,30500120882,282,ASOCIACION DE COOPERATIVAS ARGENTINAS COOP LTDA,Terceros,MtR
7184,10,ASOCIACION DE COOPERATIVAS ARGENTINAS COOP LTDA,30500120882,282,ASOCIACION DE COOPERATIVAS ARGENTINAS COOP LTDA,Propia,MtR
1283,3709,BANCO SUPERVIELLE SOCIEDAD ANONIMA,33500005179,283,BANCO SUPERVIELLE SOCIEDAD ANONIMA,Terceros,MtR
7208,3709,BANCO SUPERVIELLE SOCIEDAD ANONIMA,33500005179,283,BANCO SUPERVIELLE SOCIEDAD ANONIMA,Propia,MtR
1284,3215,VALCEREAL SA,30619020134,284,VALCEREAL SA,Terceros,MtR
7257,3215,VALCEREAL SA,30619020134,284,VALCEREAL SA,Propia,MtR
90450,3215,VALCEREAL SA,30619020134,284,VALCEREAL SA,CER,MtR
7267,4344,MERRILL LYNCH ARGENTINA SOCIEDAD ANONIMA,30680794622,285,MERRILL LYNCH ARGENTINA SOCIEDAD ANONIMA,Propia,MtR
1286,4480,BANCO MERIDIAN SOCIEDAD ANONIMA,30534487491,286,BANCO MERIDIAN SOCIEDAD ANONIMA,Terceros,MtR
7459,4480,BANCO MERIDIAN SOCIEDAD ANONIMA,30534487491,286,BANCO MERIDIAN SOCIEDAD ANONIMA,Propia,MtR
1287,4715,CITICORP CAPITAL MARKETS S.A.,33519811389,287,CITICORP CAPITAL MARKETS S.A.,Terceros,MtR
7735,4715,CITICORP CAPITAL MARKETS S.A.,33519811389,287,CITICORP CAPITAL MARKETS S.A.,Propia,MtR
1291,6124,B.A.G.V SA,30708048506,291,B.A.G.V SA,Terceros,MtR
9459,6124,B.A.G.V SA,30708048506,291,B.A.G.V SA,Propia,MtR
9464,6173,TELEFONICA DE ARGENTINA SA,30639453975,292,TELEFONICA DE ARGENTINA SA,Propia,MtR
1292,6173,TELEFONICA DE ARGENTINA SA,30639453975,292,TELEFONICA DE ARGENTINA SA,Terceros,MtR
9465,6174,TELEFONICA MOVILES ARGENTINA SOCIEDAD ANONIMA,30678814357,293,TELEFONICA MOVILES ARGENTINA SOCIEDAD ANONIMA,Propia,MtR
9605,2108,ARCOR S A I C,30502793175,294,ARCOR S A I C,Propia,MtR
9710,6345,BANCO COMAFI SOCIEDAD ANONIMA,30604731018,296,BANCO COMAFI SOCIEDAD ANONIMA,Propia,MtR
1298,5134,PAMPA ENERGIA S A,30526552659,298,PAMPA ENERGIA S A,Terceros,MtR
9807,5134,PAMPA ENERGIA S A,30526552659,298,PAMPA ENERGIA S A,Propia,MtR
9861,6458,"MUFG BANK LTD, REPRESENTACION PERMANENTE",30500011838,299,"MUFG BANK LTD, REPRESENTACION PERMANENTE",Propia,MtR
1030,14004,COCOS CAPITAL S. A.,30708424478,30,COCOS CAPITAL S. A.,Terceros,MtR
93100,14004,COCOS CAPITAL S. A.,30708424478,30,COCOS CAPITAL S. A.,Propia,MtR
6515,3813,BANCO CENTRAL DE LA REPUBLICA ARGENTINA,30500011382,300,BANCO CENTRAL DE LA REPUBLICA ARGENTINA,Propia,MtR
1300,3813,BANCO CENTRAL DE LA REPUBLICA ARGENTINA,30500011382,300,BANCO CENTRAL DE LA REPUBLICA ARGENTINA,Terceros,MtR
1303,3680,BANCO DE LA PROVINCIA DE CORDOBA SA,30999228565,303,BANCO DE LA PROVINCIA DE CORDOBA SA,Terceros,MtR
2615,3680,BANCO DE LA PROVINCIA DE CORDOBA SA,30999228565,303,BANCO DE LA PROVINCIA DE CORDOBA SA,Propia,MtR
2243,6817,BNP PARIBAS SUCURSAL BUENOS AIRES,30584727566,305,BNP PARIBAS SUCURSAL BUENOS AIRES,Propia,MtR
1307,6983,SERVICIO DE ASESORAMIENTO Y ADMINISTRACION FINANCIERO S.A.,30710313128,307,SERVICIO DE ASESORAMIENTO Y ADMINISTRACION FINANCIERO S.A.,Terceros,MtR
2805,6983,SERVICIO DE ASESORAMIENTO Y ADMINISTRACION FINANCIERO S.A.,30710313128,307,SERVICIO DE ASESORAMIENTO Y ADMINISTRACION FINANCIERO S.A.,Propia,MtR
1308,6146,TORO VALORES  S.A.,30710630786,308,TORO VALORES  S.A.,Terceros,MtR
2960,6146,TORO VALORES  S.A.,30710630786,308,TORO VALORES  S.A.,Propia,MtR
1312,5214,GUOR INVESTMENTS  SA,30710537697,312,GUOR INVESTMENTS  SA,Terceros,MtR
2187,5214,GUOR INVESTMENTS  SA,30710537697,312,GUOR INVESTMENTS  SA,Propia,MtR
1313,8491,INVERTIR EN BOLSA S.A.,30712372628,313,INVERTIR EN BOLSA S.A.,Terceros,MtR
4128,8491,INVERTIR EN BOLSA S.A.,30712372628,313,INVERTIR EN BOLSA S.A.,Propia,MtR
1314,8654,CIA. AUSTRAL DE FUTUROS Y OPCIONES SOCIEDAD ANONIMA,30712551980,314,CIA. AUSTRAL DE FUTUROS Y OPCIONES SOCIEDAD ANONIMA,Terceros,MtR
4513,8654,CIA. AUSTRAL DE FUTUROS Y OPCIONES SOCIEDAD ANONIMA,30712551980,314,CIA. AUSTRAL DE FUTUROS Y OPCIONES SOCIEDAD ANONIMA,Propia,MtR
1315,8798,BANCO HIPOTECARIO SOCIEDAD ANONIMA,30500011072,315,BANCO HIPOTECARIO SOCIEDAD ANONIMA,Terceros,MtR
4053,8798,BANCO HIPOTECARIO SOCIEDAD ANONIMA,30500011072,315,BANCO HIPOTECARIO SOCIEDAD ANONIMA,Propia,MtR
4317,2609,BANCO PATAGONIA SOCIEDAD ANONIMA,30500006613,316,BANCO PATAGONIA SOCIEDAD ANONIMA,Propia,MtR
5195,9074,BANCO COLUMBIA  SOCIEDAD ANONIMA,30517637498,317,BANCO COLUMBIA  SOCIEDAD ANONIMA,Propia,MtR
5866,8490,BANCO DE LA PROVINCIA DE BUENOS AIRES,33999242109,318,BANCO DE LA PROVINCIA DE BUENOS AIRES,Propia,MtR
1319,10610,DANIEL A. CASANOVAS Y ASOC. S.A.,30711400431,319,DANIEL A. CASANOVAS Y ASOC. S.A.,Terceros,MtR
3074,10610,DANIEL A. CASANOVAS Y ASOC. S.A.,30711400431,319,DANIEL A. CASANOVAS Y ASOC. S.A.,Propia,MtR
1001,2,BARRILLI SOCIEDAD ANONIMA,30541906564,320,ROSARIO VALORES SA,AN,MtR
1014,18,BOERO Y CIA S A,30534987753,320,ROSARIO VALORES SA,AN,MtR
1025,29,LAS TACUARITAS MANDATARIA SOCIEDAD DE RESPONSABILIDAD LIMITADA,30607018576,320,ROSARIO VALORES SA,AN,MtR
1045,321,GAFER CEREALES S R L,30627419658,320,ROSARIO VALORES SA,AN,MtR
1067,517,SOLA CEREALES S A,33632186849,320,ROSARIO VALORES SA,AN,MtR
1127,6424,CENTRO CORREDORA S.A.,30708242124,320,ROSARIO VALORES SA,AN,MtR
1132,6460,CAMPOS Y NEGOCIOS S.A.,30709795518,320,ROSARIO VALORES SA,AN,MtR
1135,4836,PUERTOS S R L,30708357223,320,ROSARIO VALORES SA,AN,MtR
1137,112,AGROMAR S R L,33680453999,320,ROSARIO VALORES SA,AN,MtR
1140,6674,CEREALES DEL PLATA S A,30628383061,320,ROSARIO VALORES SA,AN,MtR
1143,6708,TORTI HERMANOS S.R.L.,30708847336,320,ROSARIO VALORES SA,AN,MtR
1320,6306,ROSARIO VALORES SA,30693657977,320,ROSARIO VALORES SA,Terceros,MtR
5976,6306,ROSARIO VALORES SA,30693657977,320,ROSARIO VALORES SA,Propia,MtR
6155,3800,CARGILL INVESTMENTS SRL,30687313263,320,ROSARIO VALORES SA,CEL,MtR
9438,22,CARGILL SOCIEDAD ANONIMA COMERCIAL E INDUSTRIAL,30506792165,320,ROSARIO VALORES SA,CEL,MtR
2492,422,AGRICULTORES FEDERADOS ARGENTINOS SOC COOP LTDA,30525718626,320,ROSARIO VALORES SA,CEL,MtR
1154,7663,SEBASTIAN GRIMALDI SOCIEDAD ANONIMA,30709893277,320,ROSARIO VALORES SA,AN,MtR
1923,8539,PSA LA CALIFORNIA S.A.,30711652996,320,ROSARIO VALORES SA,AN,MtR
1920,3786,AVIGLIANO Y CIA SRL,30708556080,320,ROSARIO VALORES SA,AN,MtR
1801,15117,FIRST CAPITAL MARKETS SA,30712239383,320,ROSARIO VALORES SA,AN,MtR
1804,8044,BAFOMET S.A,30711473382,320,ROSARIO VALORES SA,AN,MtR
1703,3053,GRUPO CAREY S A,30708289112,320,ROSARIO VALORES SA,AN,MtR
1704,12461,ESTRUCTURAS FINANCIERAS REGIONALES S.A.,30714452157,320,ROSARIO VALORES SA,CEL,MtR
1933,29655,OMEGA BURSATIL SA,30715155008,320,ROSARIO VALORES SA,AN,MtR
34213,31042,CARGILL FINANCIAL SERVICES INTERNATIONAL INC,30714118230,320,ROSARIO VALORES SA,CEL,MtR
1705,8757,VERSATIL INVERSIONES Y TRANSACCIONES  S.A.,30710552254,320,ROSARIO VALORES SA,AN,MtR
1805,13895,MT CAPITAL S.A.,30711676712,320,ROSARIO VALORES SA,AN,MtR
1806,34190,MULTIPLO BURSATIL S.A.,33714894469,320,ROSARIO VALORES SA,AN,MtR
1807,22441,ZUMA ADVISORS S.A.,30714036609,320,ROSARIO VALORES SA,AN,MtR
1808,26171,INVERSIONES CUYANAS SOCIEDAD ANONIMA,30710952643,320,ROSARIO VALORES SA,AN,MtR
1809,40082,BUENOS AIRES CREDITOS Y VALORES SOCIEDAD ANONIMA,30711115532,320,ROSARIO VALORES SA,AN,MtR
1708,4640,NOVILLO SARAVIA Y CIA SOCIEDAD ANONIMA,30708213418,320,ROSARIO VALORES SA,CEL,MtR
1709,5245,RECONQUISTA VALORES S.A.,33710218329,320,ROSARIO VALORES SA,AN,MtR
1811,2526,BRANCATELLI S.A.,30562409536,320,ROSARIO VALORES SA,AN,MtR
1813,193028,ZONA BURSATIL S.A.,30715284010,320,ROSARIO VALORES SA,AN,MtR
1814,201358,PALM INVERSIONES S.A.,30708728566,320,ROSARIO VALORES SA,AN,MtR
1712,226748,DINOSAURIO BURSATIL S.A.,30707517685,320,ROSARIO VALORES SA,CEL,MtR
1713,248244,LISTRO VALORES S.A.,30709918148,320,ROSARIO VALORES SA,AN,MtR
1815,15167,META INVERSIONES S.A.,33711901219,320,ROSARIO VALORES SA,AN,MtR
1714,2682,N.G.A.  INVERSIONES S.A.,30596004047,320,ROSARIO VALORES SA,AN,MtR
1937,338743,INVERSTART S.A.,30715466844,320,ROSARIO VALORES SA,AN,MtR
1938,4046,AGROINVERSIONES PAMPEANAS S.A.,30709190322,320,ROSARIO VALORES SA,AN,MtR
1939,536,MERCADO INTERNO SA,30680471114,320,ROSARIO VALORES SA,AN,MtR
1940,36009,AMERICA VALORES S.A.,30714519286,320,ROSARIO VALORES SA,AN,MtR
1941,602994,ARG  SECURITIES ADVISORS S.A.,30714931896,320,ROSARIO VALORES SA,AN,MtR
1942,710407,DFC CAPITAL MANAGEMENT S.A.,30711381984,320,ROSARIO VALORES SA,AN,MtR
1943,728257,VECTOR INVESTMENTS S.A.,33715610049,320,ROSARIO VALORES SA,AN,MtR
1944,1002004,MANTA COMPAÑIA INVERSORA SOCIEDAD DE BOLSA S.A.,30710541015,320,ROSARIO VALORES SA,AN,MtR
1945,1324052,UG VALORES SA,30716315173,320,ROSARIO VALORES SA,AN,MtR
1946,17215,BANCO COINAG S.A.,30714195960,320,ROSARIO VALORES SA,AN,MtR
1947,7588,LOS TILOS BURSATIL SOCIEDAD ANONIMA,30684840084,320,ROSARIO VALORES SA,AN,MtR
1901,2492009,INDUSTRIA COMPAÑIA BURSATIL S.A,33715566899,320,ROSARIO VALORES SA,AN,MtR
1902,1532410,HOSS S.A,33714396639,320,ROSARIO VALORES SA,AN,MtR
1948,27384,AWA GLOBAL SOCIEDAD ANONIMA,30714250252,320,ROSARIO VALORES SA,AN,MtR
1911,6492417,ORION CAPITAL SA,30716823837,320,ROSARIO VALORES SA,AN,MtR
1949,8579,LAGUNA  S.A.,30708752734,320,ROSARIO VALORES SA,AN,MtR
1950,8236264,COPPOLA INVERSIONES SA,30716954338,320,ROSARIO VALORES SA,AN,MtR
1951,8286778,REAL MARKET S.A.,30716399806,320,ROSARIO VALORES SA,AN,MtR
1952,540714,REGIONAL INVESTMENT CONSULTING S. A..,30714808504,320,ROSARIO VALORES SA,AN,MtR
1953,4132,SJB S. A.,30539556785,320,ROSARIO VALORES SA,AN,MtR
1321,9891,PUENTE HNOS. S.A.,30701027074,321,PUENTE HNOS. S.A.,Terceros,MtR
6357,9891,PUENTE HNOS. S.A.,30701027074,321,PUENTE HNOS. S.A.,Propia,MtR
87000,4533,BANCO DE VALORES S A,30576124275,321,PUENTE HNOS. S.A.,CER,MtR
1322,3210,TRANSACCIONES AGENTE DE VALORES S.A.,30707997016,322,TRANSACCIONES AGENTE DE VALORES S.A.,Terceros,MtR
4715,3210,TRANSACCIONES AGENTE DE VALORES S.A.,30707997016,322,TRANSACCIONES AGENTE DE VALORES S.A.,Propia,MtR
1323,11188,ADCAP SECURITIES ARGENTINA S.A. ,30711610126,323,ADCAP SECURITIES ARGENTINA S.A.,Terceros,MtR
8189,11188,ADCAP SECURITIES ARGENTINA S.A. ,30711610126,323,ADCAP SECURITIES ARGENTINA S.A.,Propia,MtR
192000,11188,ADCAP SECURITIES ARGENTINA S.A. ,30711610126,323,ADCAP SECURITIES ARGENTINA S.A.,CEL,MtR
10062,2257,CAPITAL MARKETS ARGENTINA S.A. ,30645852865,324,CAPITAL MARKETS ARGENTINA S.A.,Propia,MtR
1324,2257,CAPITAL MARKETS ARGENTINA S.A. ,30645852865,324,CAPITAL MARKETS ARGENTINA S.A.,Terceros,MtR
1325,5619,STONEX SECURITIES  SA,33621743789,325,STONEX SECURITIES  SA,Terceros,MtR
10158,5619,STONEX SECURITIES  SA,33621743789,325,STONEX SECURITIES  SA,Propia,MtR
10283,10888,DEUTSCHE BANK AG LONDON BRANCH,30709406775,325,STONEX SECURITIES  SA,CEL,MtR
13875,14559,JP MORGAN OVERSEAS CAPITAL CORPORATION,30710640625,325,STONEX SECURITIES  SA,CEL,MtR
37884,34174,BANCO SANTANDER SA,30715649426,325,STONEX SECURITIES  SA,CEL,MtR
50250,44660,GOLDMAN SACHS & CO,30712217754,325,STONEX SECURITIES  SA,CEL,MtR
58785,245509,MORGAN STANLEY CAPITAL SERVICES LLC,30716059584,325,STONEX SECURITIES  SA,CEL,MtR
61267,10888,DEUTSCHE BANK AG LONDON BRANCH,30709406775,325,STONEX SECURITIES  SA,CEL,MtR
84500,2160580,CREDIT SUISSE BRAZIL (BAHAMAS) LIMITED,33716557729,325,STONEX SECURITIES  SA,CEL,MtR
92500,3817,BANCO DE GALICIA Y BUENOS AIRES S A U,30500001735,325,STONEX SECURITIES  SA,CER,MtR
165025,9021350,JP MORGAN CHASE BANK NATIONAL ASSOCIATION,30711162174,325,STONEX SECURITIES  SA,CEL,MtR
1326,8113,FERNANDEZ SOLJAN SOCIEDAD ANONIMA,30712425853,326,FERNANDEZ SOLJAN SOCIEDAD ANONIMA,Terceros,MtR
10465,8113,FERNANDEZ SOLJAN SOCIEDAD ANONIMA,30712425853,326,FERNANDEZ SOLJAN SOCIEDAD ANONIMA,Propia,MtR
1327,2576,COHEN S.A.,30558543317,327,COHEN S.A.,Terceros,MtR
10722,2576,COHEN S.A.,30558543317,327,COHEN S.A.,Propia,MtR
86000,4533,BANCO DE VALORES S A,30576124275,327,COHEN S.A.,CER,MtR
1328,9877,INDUSTRIAL VALORES  S.A,30709435112,328,INDUSTRIAL VALORES  S.A,Terceros,MtR
11603,9877,INDUSTRIAL VALORES  S.A,30709435112,328,INDUSTRIAL VALORES  S.A,Propia,MtR
1329,12490,ARGENTINA VALORES S.A. ,30714304115,329,ARGENTINA VALORES S.A.,Terceros,MtR
13807,12490,ARGENTINA VALORES S.A. ,30714304115,329,ARGENTINA VALORES S.A.,Propia,MtR
13806,12619,YPF SOCIEDAD ANONIMA,30546689979,330,YPF SOCIEDAD ANONIMA,Propia,MtR
16167,3997,BACS BANCO DE CREDITO Y SECURITIZACION S.A,30707227415,332,BACS BANCO DE CREDITO Y SECURITIZACION S.A,Propia,MtR
1332,3997,BACS BANCO DE CREDITO Y SECURITIZACION S.A,30707227415,332,BACS BANCO DE CREDITO Y SECURITIZACION S.A,Terceros,MtR
16170,15300,METROCORP VALORES SA,30653312152,333,METROCORP VALORES SA,Propia,MtR
1333,15300,METROCORP VALORES SA,30653312152,333,METROCORP VALORES SA,Terceros,MtR
22558,13789,MAX CAPITAL S.A.,30714522058,334,MAX CAPITAL S.A.,Propia,MtR
1334,13789,MAX CAPITAL S.A.,30714522058,334,MAX CAPITAL S.A.,Terceros,MtR
54500,4533,BANCO DE VALORES S A,30576124275,334,MAX CAPITAL S.A.,CER,MtR
66000,3817,BANCO DE GALICIA Y BUENOS AIRES S A U,30500001735,334,MAX CAPITAL S.A.,CER,MtR
22559,5521,NEIX S.A.,30710718632,335,NEIX S.A.,Propia,MtR
1335,5521,NEIX S.A.,30710718632,335,NEIX S.A.,Terceros,MtR
22561,4472,STOCKBROKERS  S.A.,30709815934,336,STOCKBROKERS  S.A.,Propia,MtR
1336,4472,STOCKBROKERS  S.A.,30709815934,336,STOCKBROKERS  S.A.,Terceros,MtR
22795,8066,BOLSA DE COMERCIO DEL CHACO,30711076855,337,BOLSA DE COMERCIO DEL CHACO,Propia,MtR
1337,8066,BOLSA DE COMERCIO DEL CHACO,30711076855,337,BOLSA DE COMERCIO DEL CHACO,Terceros,MtR
22863,4105,OPCION AGRO S.R.L.,30708908149,338,OPCION AGRO S.R.L.,Propia,MtR
1338,4105,OPCION AGRO S.R.L.,30708908149,338,OPCION AGRO S.R.L.,Terceros,MtR
23876,4855,S & C INVERSIONES  S.A.,30708472227,339,S & C INVERSIONES  S.A.,Propia,MtR
1339,4855,S & C INVERSIONES  S.A.,30708472227,339,S & C INVERSIONES  S.A.,Terceros,MtR
1034,54,COGRAN SOCIEDAD DE RESPONSABILIDAD LIMITADA,33618885009,34,COGRAN SOCIEDAD DE RESPONSABILIDAD LIMITADA,Terceros,MtR
2050,54,COGRAN SOCIEDAD DE RESPONSABILIDAD LIMITADA,33618885009,34,COGRAN SOCIEDAD DE RESPONSABILIDAD LIMITADA,Propia,MtR
1340,12765,BURSATIL USPALLATA S.A.,30711151180,340,BURSATIL USPALLATA S.A.,Terceros,MtR
23919,12765,BURSATIL USPALLATA S.A.,30711151180,340,BURSATIL USPALLATA S.A.,Propia,MtR
23920,4371,BECERRA BURSATIL S A,30708398760,341,BECERRA BURSATIL S A,Propia,MtR
1341,4371,BECERRA BURSATIL S A,30708398760,341,BECERRA BURSATIL S A,Terceros,MtR
35917,2109,COTAGRO COOPERATIVA AGROPECUARIA LIMITADA,30527151453,341,BECERRA BURSATIL S A,CEL,MtR
145750,4533,BANCO DE VALORES S A,30576124275,341,BECERRA BURSATIL S A,CER,MtR
1342,19315,ESTRUCTURAS Y MANDATOS S.A.,30711055815,342,ESTRUCTURAS Y MANDATOS S.A.,Terceros,MtR
24209,19315,ESTRUCTURAS Y MANDATOS S.A.,30711055815,342,ESTRUCTURAS Y MANDATOS S.A.,Propia,MtR
1343,15253,CRITERIA AN S.A.,30714460974,343,CRITERIA AN S.A.,Terceros,MtR
26442,15253,CRITERIA AN S.A.,30714460974,343,CRITERIA AN S.A.,Propia,MtR
26970,8282,BELL INVESTMENTS S.A.,30711497834,344,BELL INVESTMENTS S.A.,Propia,MtR
1344,8282,BELL INVESTMENTS S.A.,30711497834,344,BELL INVESTMENTS S.A.,Terceros,MtR
26979,22914,BALANZ CAPITAL VALORES S A U,30710630670,345,BALANZ CAPITAL VALORES S A U,Propia,MtR
1345,22914,BALANZ CAPITAL VALORES S A U,30710630670,345,BALANZ CAPITAL VALORES S A U,Terceros,MtR
144600,4533,BANCO DE VALORES S A,30576124275,345,BALANZ CAPITAL VALORES S A U,CER,MtR
27020,9840,NIX VALORES S.A. ,30712051848,346,NIX VALORES S.A.,Propia,MtR
1346,9840,NIX VALORES S.A. ,30712051848,346,NIX VALORES S.A.,Terceros,MtR
27375,13586,BANCO MUNICIPAL DE ROSARIO,33999181819,348,BANCO MUNICIPAL DE ROSARIO,Propia,MtR
1348,13586,BANCO MUNICIPAL DE ROSARIO,33999181819,348,BANCO MUNICIPAL DE ROSARIO,Terceros,MtR
27434,7793,FUTURO BURSATIL S.A.,30708270292,349,FUTURO BURSATIL S.A.,Propia,MtR
1349,7793,FUTURO BURSATIL S.A.,30708270292,349,FUTURO BURSATIL S.A.,Terceros,MtR
1035,55,INTAGRO SOCIEDAD ANONIMA,30663290262,35,INTAGRO SOCIEDAD ANONIMA,Terceros,MtR
4140,55,INTAGRO SOCIEDAD ANONIMA,30663290262,35,INTAGRO SOCIEDAD ANONIMA,Propia,MtR
27435,5287,GRUPO DEL PLATA S.A.,30708063084,350,GRUPO DEL PLATA S.A.,Propia,MtR
1350,5287,GRUPO DEL PLATA S.A.,30708063084,350,GRUPO DEL PLATA S.A.,Terceros,MtR
1351,6743,BANCO INTERFINANZAS  S A,30522714417,351,BANCO INTERFINANZAS  S A,Terceros,MtR
30586,6743,BANCO INTERFINANZAS  S A,30522714417,351,BANCO INTERFINANZAS  S A,Propia,MtR
1352,19584,LEIVA HERMANOS S.A.,30710771576,352,LEIVA HERMANOS S.A.,Terceros,MtR
31626,19584,LEIVA HERMANOS S.A.,30710771576,352,LEIVA HERMANOS S.A.,Propia,MtR
1353,14614,FINCO CAPITAL S.A.,30714527955,353,FINCO CAPITAL S.A.,Terceros,MtR
32650,14614,FINCO CAPITAL S.A.,30714527955,353,FINCO CAPITAL S.A.,Propia,MtR
1354,30241,ZOFINGEN SECURITIES SA,30707505032,354,ZOFINGEN SECURITIES SA,Terceros,MtR
33387,30241,ZOFINGEN SECURITIES SA,30707505032,354,ZOFINGEN SECURITIES SA,Propia,MtR
33976,16659,BANCO CMF SOCIEDAD ANONIMA,30576614299,355,BANCO CMF SOCIEDAD ANONIMA,Propia,MtR
1355,16659,BANCO CMF SOCIEDAD ANONIMA,30576614299,355,BANCO CMF SOCIEDAD ANONIMA,Terceros,MtR
1356,17078,DEAL SOCIEDAD ANONIMA,30708086963,356,DEAL SOCIEDAD ANONIMA,Terceros,MtR
35719,17078,DEAL SOCIEDAD ANONIMA,30708086963,356,DEAL SOCIEDAD ANONIMA,Propia,MtR
1357,32941,PP INVERSIONES S.A.,30715315889,357,PP INVERSIONES S.A.,Terceros,MtR
36421,32941,PP INVERSIONES S.A.,30715315889,357,PP INVERSIONES S.A.,Propia,MtR
36748,23882,BANCO DE LA PAMPA S.E.M.,30500012516,358,BANCO DE LA PAMPA S.E.M.,Propia,MtR
1358,23882,BANCO DE LA PAMPA S.E.M.,30500012516,358,BANCO DE LA PAMPA S.E.M.,Terceros,MtR
1359,32938,CONSULTATIO INVESTMENTS S.A.,30714300268,359,CONSULTATIO INVESTMENTS S.A.,Terceros,MtR
37126,32938,CONSULTATIO INVESTMENTS S.A.,30714300268,359,CONSULTATIO INVESTMENTS S.A.,Propia,MtR
91000,4533,BANCO DE VALORES S A,30576124275,359,CONSULTATIO INVESTMENTS S.A.,CER,MtR
1360,2853,DMA BROKER S.A.,30708058633,360,DMA BROKER S.A.,Terceros,MtR
37867,2853,DMA BROKER S.A.,30708058633,360,DMA BROKER S.A.,Propia,MtR
1361,5023,DRACMA SA,30708871903,361,DRACMA SA,Terceros,MtR
38004,5023,DRACMA SA,30708871903,361,DRACMA SA,Propia,MtR
1362,34160,BTG PACTUAL ARGENTINA S.A U.,30715050001,362,BTG PACTUAL ARGENTINA S.A U.,Terceros,MtR
38076,34160,BTG PACTUAL ARGENTINA S.A U.,30715050001,362,BTG PACTUAL ARGENTINA S.A U.,Propia,MtR
1363,5014,TPCG VALORES S.A.U.,30708348070,363,TPCG VALORES S.A.U.,Terceros,MtR
40222,5014,TPCG VALORES S.A.U.,30708348070,363,TPCG VALORES S.A.U.,Propia,MtR
1364,38929,STC INVERSIONES S.A.,30714379506,364,STC INVERSIONES S.A.,Terceros,MtR
43071,38929,STC INVERSIONES S.A.,30714379506,364,STC INVERSIONES S.A.,Propia,MtR
1365,36745,COMAFI  BURSATIL SOCIEDAD ANONIMA,30646432762,365,COMAFI  BURSATIL SOCIEDAD ANONIMA,Terceros,MtR
43337,36745,COMAFI  BURSATIL SOCIEDAD ANONIMA,30646432762,365,COMAFI  BURSATIL SOCIEDAD ANONIMA,Propia,MtR
43660,2683,ROSENTAL S.A.,30597901581,366,ROSENTAL S.A.,Propia,MtR
1366,2683,ROSENTAL S.A.,30597901581,366,ROSENTAL S.A.,Terceros,MtR
44130,8086,BANCO PIANO S A,30569151763,367,BANCO PIANO S A,Propia,MtR
1367,8086,BANCO PIANO S A,30569151763,367,BANCO PIANO S A,Terceros,MtR
44746,11152,BANCO DE SERVICIOS Y TRANSACCIONES S.A,30704960995,368,BANCO DE SERVICIOS Y TRANSACCIONES S.A,Propia,MtR
1368,11152,BANCO DE SERVICIOS Y TRANSACCIONES S.A,30704960995,368,BANCO DE SERVICIOS Y TRANSACCIONES S.A,Terceros,MtR
1369,41397,ABUT  S.A.,30710460252,369,ABUT  S.A.,Terceros,MtR
45947,41397,ABUT  S.A.,30710460252,369,ABUT  S.A.,Propia,MtR
1370,29576,ALYNK S.A.,30715223712,370,ALYNK S.A.,Terceros,MtR
48650,29576,ALYNK S.A.,30715223712,370,ALYNK S.A.,Propia,MtR
1371,4747,NORESTE BURSATIL  S.A,30708153199,371,NORESTE BURSATIL  S.A,Terceros,MtR
48708,4747,NORESTE BURSATIL  S.A,30708153199,371,NORESTE BURSATIL  S.A,Propia,MtR
1372,33036,SECURITIES  CAF  ARGENTINA  S.A.,30714086371,372,SECURITIES  CAF  ARGENTINA  S.A.,Terceros,MtR
50620,33036,SECURITIES  CAF  ARGENTINA  S.A.,30714086371,372,SECURITIES  CAF  ARGENTINA  S.A.,Propia,MtR
1373,45029,FIVE CORPORATION SOCIEDAD ANONIMA,33715162089,373,FIVE CORPORATION SOCIEDAD ANONIMA,Terceros,MtR
50700,45029,FIVE CORPORATION SOCIEDAD ANONIMA,33715162089,373,FIVE CORPORATION SOCIEDAD ANONIMA,Propia,MtR
1375,46226,PROFICIO INVESTMENT S.A.,30711041911,375,PROFICIO INVESTMENT S.A.,Terceros,MtR
51870,46226,PROFICIO INVESTMENT S.A.,30711041911,375,PROFICIO INVESTMENT S.A.,Propia,MtR
1376,45320,ITAU VALORES S.A.,30709110248,376,ITAU VALORES S.A.,Terceros,MtR
52181,45320,ITAU VALORES S.A.,30709110248,376,ITAU VALORES S.A.,Propia,MtR
1377,13369,AEROMAR VALORES S.A,30708297255,377,AEROMAR VALORES S.A,Terceros,MtR
55000,13369,AEROMAR VALORES S.A,30708297255,377,AEROMAR VALORES S.A,Propia,MtR
1378,11927,BRIO VALORES AGENTE DE LIQUIDACION Y COMPENSACION S.A.,30714530328,378,BRIO VALORES AGENTE DE LIQUIDACION Y COMPENSACION S.A.,Terceros,MtR
54800,11927,BRIO VALORES AGENTE DE LIQUIDACION Y COMPENSACION S.A.,30714530328,378,BRIO VALORES AGENTE DE LIQUIDACION Y COMPENSACION S.A.,Propia,MtR
1379,7587,ARATA S.A.,30711668868,379,ARATA S.A.,Terceros,MtR
54950,7587,ARATA S.A.,30711668868,379,ARATA S.A.,Propia,MtR
96500,1410538,BANCO SAENZ S A,30534672434,38,BANCO SAENZ S A,Propia,MtR
1038,1410538,BANCO SAENZ S A,30534672434,38,BANCO SAENZ S A,Terceros,MtR
1380,2687,CABSA S.A.,30708179155,380,CABSA S.A.,Terceros,MtR
55700,2687,CABSA S.A.,30708179155,380,CABSA S.A.,Propia,MtR
1381,12461,ESTRUCTURAS FINANCIERAS REGIONALES S.A.,30714452157,381,ESTRUCTURAS FINANCIERAS REGIONALES S.A.,Terceros,MtR
55666,12461,ESTRUCTURAS FINANCIERAS REGIONALES S.A.,30714452157,381,ESTRUCTURAS FINANCIERAS REGIONALES S.A.,Propia,MtR
1382,11415,INTEGRAR S.A.,30714369098,382,INTEGRAR S.A.,Terceros,MtR
56046,11415,INTEGRAR S.A.,30714369098,382,INTEGRAR S.A.,Propia,MtR
1383,4533,BANCO DE VALORES S A,30576124275,383,BANCO DE VALORES S A,Terceros,MtR
56231,4533,BANCO DE VALORES S A,30576124275,383,BANCO DE VALORES S A,Propia,MtR
1384,22750,RANALLO VALORES S.A.,30714629227,384,RANALLO VALORES S.A.,Terceros,MtR
56300,22750,RANALLO VALORES S.A.,30714629227,384,RANALLO VALORES S.A.,Propia,MtR
1385,23313,ORLANDO BURSATIL S.A.,30647560063,385,ORLANDO BURSATIL S.A.,Terceros,MtR
58000,23313,ORLANDO BURSATIL S.A.,30647560063,385,ORLANDO BURSATIL S.A.,Propia,MtR
1386,7508,NUEVO CHACO BURSATIL S.A.,30710874359,386,NUEVO CHACO BURSATIL S.A.,Terceros,MtR
59000,7508,NUEVO CHACO BURSATIL S.A.,30710874359,386,NUEVO CHACO BURSATIL S.A.,Propia,MtR
1387,8148,CITIBANK N A,30500005625,387,CITIBANK N A,Terceros,MtR
58001,8148,CITIBANK N A,30500005625,387,CITIBANK N A,Propia,MtR
1388,7813,TARALLO  S.A.,30712062513,388,TARALLO  S.A.,Terceros,MtR
59456,7813,TARALLO  S.A.,30712062513,388,TARALLO  S.A.,Propia,MtR
1389,270600,LARES CAPITAL S.A.,30714914150,389,LARES CAPITAL S.A.,Terceros,MtR
59678,270600,LARES CAPITAL S.A.,30714914150,389,LARES CAPITAL S.A.,Propia,MtR
1390,3003,PROVINCIA BURSATIL S. A.,30660281386,390,PROVINCIA BURSATIL S. A.,Terceros,MtR
59888,3003,PROVINCIA BURSATIL S. A.,30660281386,390,PROVINCIA BURSATIL S. A.,Propia,MtR
61000,1944,DEL FABRO HNOS Y CIA S A,30657040807,391,DEL FABRO HNOS Y CIA S A,Propia,MtR
1392,253977,DA VALORES S.A.,30716181002,392,DA VALORES S.A.,Terceros,MtR
63200,253977,DA VALORES S.A.,30716181002,392,DA VALORES S.A.,Propia,MtR
1076,4281,BOGGIO SOSA SA,30709979821,393,NEXO AGENTE DE LIQUIDACION Y COMPENSACION INTEGRAL S.A.,AN,MtR
35417,759,MANDATO SRL,30654352387,393,NEXO AGENTE DE LIQUIDACION Y COMPENSACION INTEGRAL S.A.,AN,MtR
37057,33498,GRAIN SOLUTION SA,30708216913,393,NEXO AGENTE DE LIQUIDACION Y COMPENSACION INTEGRAL S.A.,AN,MtR
1531,5280,PANAGRICOLA SA,30535175663,393,NEXO AGENTE DE LIQUIDACION Y COMPENSACION INTEGRAL S.A.,AN,MtR
1532,805,NEGOCIOS DE GRANOS SOCIEDAD ANONIMA,30663380865,393,NEXO AGENTE DE LIQUIDACION Y COMPENSACION INTEGRAL S.A.,AN,MtR
1374,7688,TUTELAR BURSATIL S.A,30640100059,393,NEXO AGENTE DE LIQUIDACION Y COMPENSACION INTEGRAL S.A.,AN,MtR
1393,30200,NEXO AGENTE DE LIQUIDACION Y COMPENSACION INTEGRAL S.A.,30714515329,393,NEXO AGENTE DE LIQUIDACION Y COMPENSACION INTEGRAL S.A.,Terceros,MtR
64444,30200,NEXO AGENTE DE LIQUIDACION Y COMPENSACION INTEGRAL S.A.,30714515329,393,NEXO AGENTE DE LIQUIDACION Y COMPENSACION INTEGRAL S.A.,Propia,MtR
1562,647855,PEDRA GONZALEZ Y CIA S A,30554727596,393,NEXO AGENTE DE LIQUIDACION Y COMPENSACION INTEGRAL S.A.,AN,MtR
1486,14738,AGROVE S.R.L.,30712139281,393,NEXO AGENTE DE LIQUIDACION Y COMPENSACION INTEGRAL S.A.,AN,MtR
1817,936726,EDUARDO D REYNOLDS SRL,33662019319,393,NEXO AGENTE DE LIQUIDACION Y COMPENSACION INTEGRAL S.A.,AN,MtR
1819,4356,COOPERATIVAS AGROPECUARIAS FEDERADAS DE ENTRE RIOS COOP. LTDA.,30700191849,393,NEXO AGENTE DE LIQUIDACION Y COMPENSACION INTEGRAL S.A.,AN,MtR
1818,848418,AGROPOL SA,30610809827,393,NEXO AGENTE DE LIQUIDACION Y COMPENSACION INTEGRAL S.A.,AN,MtR
1820,5189,CHASCO DANNA Y COMPAÑIA SOCIEDAD DE RESPONSABILIDAD LIMITADA,30538239247,393,NEXO AGENTE DE LIQUIDACION Y COMPENSACION INTEGRAL S.A.,AN,MtR
1821,1867,WALTER PONCIO Y CIA S.A,30707268405,393,NEXO AGENTE DE LIQUIDACION Y COMPENSACION INTEGRAL S.A.,AN,MtR
1822,918489,COTIZAR SA,30618371200,393,NEXO AGENTE DE LIQUIDACION Y COMPENSACION INTEGRAL S.A.,AN,MtR
1823,918496,JOVICER SOCIEDAD ANONIMA,30598076452,393,NEXO AGENTE DE LIQUIDACION Y COMPENSACION INTEGRAL S.A.,AN,MtR
1824,307882,BRESUR CEREALES SA,30640019227,393,NEXO AGENTE DE LIQUIDACION Y COMPENSACION INTEGRAL S.A.,AN,MtR
1825,918495,GRAINCOM S A,30619751325,393,NEXO AGENTE DE LIQUIDACION Y COMPENSACION INTEGRAL S.A.,AN,MtR
1826,5123,KIMEI CEREALES SA,30709540714,393,NEXO AGENTE DE LIQUIDACION Y COMPENSACION INTEGRAL S.A.,AN,MtR
92009,10,ASOCIACION DE COOPERATIVAS ARGENTINAS COOP LTDA,30500120882,393,NEXO AGENTE DE LIQUIDACION Y COMPENSACION INTEGRAL S.A.,CER,MtR
92001,422,AGRICULTORES FEDERADOS ARGENTINOS SOC COOP LTDA,30525718626,393,NEXO AGENTE DE LIQUIDACION Y COMPENSACION INTEGRAL S.A.,CER,MtR
92002,22,CARGILL SOCIEDAD ANONIMA COMERCIAL E INDUSTRIAL,30506792165,393,NEXO AGENTE DE LIQUIDACION Y COMPENSACION INTEGRAL S.A.,CER,MtR
92003,3382,VITERRA ARGENTINA S.A.,33502232229,393,NEXO AGENTE DE LIQUIDACION Y COMPENSACION INTEGRAL S.A.,CER,MtR
92004,2144,CURCIJA SOCIEDAD ANONIMA,30593247739,393,NEXO AGENTE DE LIQUIDACION Y COMPENSACION INTEGRAL S.A.,CER,MtR
92005,63,LDC ARGENTINA S.A.,30526712729,393,NEXO AGENTE DE LIQUIDACION Y COMPENSACION INTEGRAL S.A.,CER,MtR
92006,26015,MOLINOS AGRO S.A.,30715118773,393,NEXO AGENTE DE LIQUIDACION Y COMPENSACION INTEGRAL S.A.,CER,MtR
92007,60,COFCO INTERNATIONAL ARGENTINA S.A.,33506737449,393,NEXO AGENTE DE LIQUIDACION Y COMPENSACION INTEGRAL S.A.,CER,MtR
92008,719,MOLINOS RIO DE LA PLATA S A,30500858628,393,NEXO AGENTE DE LIQUIDACION Y COMPENSACION INTEGRAL S.A.,CER,MtR
92010,24964,COLOMBO Y MAGLIANO SA AGRICOLA GANADERA Y COMERCIAL,30520760535,393,NEXO AGENTE DE LIQUIDACION Y COMPENSACION INTEGRAL S.A.,CER,MtR
88506,375610,PRODUCCIONES AGRARIAS SA,30640001891,393,NEXO AGENTE DE LIQUIDACION Y COMPENSACION INTEGRAL S.A.,CER,MtR
88507,925134,TOSCANO S A,30551420147,393,NEXO AGENTE DE LIQUIDACION Y COMPENSACION INTEGRAL S.A.,CER,MtR
1827,5639833,WETPAMPEAN HDRR SA,33715363459,393,NEXO AGENTE DE LIQUIDACION Y COMPENSACION INTEGRAL S.A.,AN,MtR
1828,787,DUKAREVICH S A,30517535571,393,NEXO AGENTE DE LIQUIDACION Y COMPENSACION INTEGRAL S.A.,AN,MtR
1829,26912,AMERICA AGROCOMERCIAL SRL,30711602549,393,NEXO AGENTE DE LIQUIDACION Y COMPENSACION INTEGRAL S.A.,AN,MtR
1830,4105,OPCION AGRO S.R.L.,30708908149,393,NEXO AGENTE DE LIQUIDACION Y COMPENSACION INTEGRAL S.A.,AN,MtR
1831,38016,MBC CORREDORES DE CEREALES S.R.L.,30708780436,393,NEXO AGENTE DE LIQUIDACION Y COMPENSACION INTEGRAL S.A.,AN,MtR
64300,45314,PORTFOLIO INVESTMENT S.A.,30659401858,394,PORTFOLIO INVESTMENT S.A.,Propia,MtR
1394,45314,PORTFOLIO INVESTMENT S.A.,30659401858,394,PORTFOLIO INVESTMENT S.A.,Terceros,MtR
1395,3837,COMPAÑIA GENERAL DE VALORES MOBILIARIOS SOC ANONIMA,30571629158,395,COMPAÑIA GENERAL DE VALORES MOBILIARIOS SOC ANONIMA,Terceros,MtR
64400,3837,COMPAÑIA GENERAL DE VALORES MOBILIARIOS SOC ANONIMA,30571629158,395,COMPAÑIA GENERAL DE VALORES MOBILIARIOS SOC ANONIMA,Propia,MtR
1396,794952,INVERTIRONLINE  S.A.,33707852459,396,INVERTIRONLINE  S.A.,Terceros,MtR
67300,794952,INVERTIRONLINE  S.A.,33707852459,396,INVERTIRONLINE  S.A.,Propia,MtR
1397,8415,BANCO BICA SOCIEDAD ANONIMA,30712331239,397,BANCO BICA SOCIEDAD ANONIMA,Terceros,MtR
71111,8415,BANCO BICA SOCIEDAD ANONIMA,30712331239,397,BANCO BICA SOCIEDAD ANONIMA,Propia,MtR
75800,17639,INVIU S.A.U.,30619453065,398,INVIU S.A.U.,Propia,MtR
1398,17639,INVIU S.A.U.,30619453065,398,INVIU S.A.U.,Terceros,MtR
1399,9393,SOCIEDAD DE BOLSA CENTAURUS S.A.,30711197172,399,SOCIEDAD DE BOLSA CENTAURUS S.A.,Terceros,MtR
76500,9393,SOCIEDAD DE BOLSA CENTAURUS S.A.,30711197172,399,SOCIEDAD DE BOLSA CENTAURUS S.A.,Propia,MtR
1004,2752,BANCO DE COMERCIO S.A.,30542033637,4,BANCO DE COMERCIO S.A.,Terceros,MtR
81000,2752,BANCO DE COMERCIO S.A.,30542033637,4,BANCO DE COMERCIO S.A.,Propia,MtR
1401,6133,ALLARIA LEDESMA Y CIA S A,30680790805,401,ALLARIA LEDESMA Y CIA S A,Terceros,MtR
6060,6133,ALLARIA LEDESMA Y CIA S A,30680790805,401,ALLARIA LEDESMA Y CIA S A,Propia,MtR
146700,4533,BANCO DE VALORES S A,30576124275,401,ALLARIA LEDESMA Y CIA S A,CER,MtR
1402,3597,A G VALORES S.A.,30708026383,402,A G VALORES S.A.,Terceros,MtR
6262,3597,A G VALORES S.A.,30708026383,402,A G VALORES S.A.,Propia,MtR
1404,10599,FERNÁNDEZ LAYA S.A.,30712338306,404,FERNÁNDEZ LAYA S.A.,Terceros,MtR
9424,10599,FERNÁNDEZ LAYA S.A.,30712338306,404,FERNÁNDEZ LAYA S.A.,Propia,MtR
1405,6695,BULL MARKET BROKERS SA,30707032533,405,BULL MARKET BROKERS SA,Terceros,MtR
9425,6695,BULL MARKET BROKERS SA,30707032533,405,BULL MARKET BROKERS SA,Propia,MtR
1406,6614,LIEBRE CAPITAL S.A.U.,30709294837,406,LIEBRE CAPITAL S.A.U.,Terceros,MtR
9427,6614,LIEBRE CAPITAL S.A.U.,30709294837,406,LIEBRE CAPITAL S.A.U.,Propia,MtR
1409,8506,SBS TRADING SOCIEDAD ANONIMA,30643839721,409,SBS TRADING SOCIEDAD ANONIMA,Terceros,MtR
6058,8506,SBS TRADING SOCIEDAD ANONIMA,30643839721,409,SBS TRADING SOCIEDAD ANONIMA,Propia,MtR
190000,817123,UALA SA,33708015399,409,SBS TRADING SOCIEDAD ANONIMA,CEL,MtR
69000,4533,BANCO DE VALORES S A,30576124275,409,SBS TRADING SOCIEDAD ANONIMA,CER,MtR
1041,26015,MOLINOS AGRO S.A.,30715118773,41,MOLINOS AGRO S.A.,Terceros,MtR
97500,26015,MOLINOS AGRO S.A.,30715118773,41,MOLINOS AGRO S.A.,Propia,MtR
1410,10688,BAGNARDI Y CIA  S A,30639938391,410,BAGNARDI Y CIA  S A,Terceros,MtR
6059,10688,BAGNARDI Y CIA  S A,30639938391,410,BAGNARDI Y CIA  S A,Propia,MtR
1411,8173,BUENOS AIRES VALORES S.A.,30615947373,411,BUENOS AIRES VALORES S.A.,Terceros,MtR
6061,8173,BUENOS AIRES VALORES S.A.,30615947373,411,BUENOS AIRES VALORES S.A.,Propia,MtR
1413,10742,MACRO SECURITIES S.A,30657515503,413,MACRO SECURITIES S.A,Terceros,MtR
6267,10742,MACRO SECURITIES S.A,30657515503,413,MACRO SECURITIES S.A,Propia,MtR
1415,10789,FACIMEX VALORES SA,33637221499,415,FACIMEX VALORES SA,Terceros,MtR
6347,10789,FACIMEX VALORES SA,33637221499,415,FACIMEX VALORES SA,Propia,MtR
1417,10976,MARIVA BURSATIL S A,33641747969,417,MARIVA BURSATIL S A,Terceros,MtR
6598,10976,MARIVA BURSATIL S A,33641747969,417,MARIVA BURSATIL S A,Propia,MtR
1418,11042,MAESTRO Y HUERRES S.A.,30561362749,418,MAESTRO Y HUERRES S.A.,Terceros,MtR
6600,11042,MAESTRO Y HUERRES S.A.,30561362749,418,MAESTRO Y HUERRES S.A.,Propia,MtR
1419,9244,SCHWEBER SECURITIES S.A.,30691587777,419,SCHWEBER SECURITIES S.A.,Terceros,MtR
6615,9244,SCHWEBER SECURITIES S.A.,30691587777,419,SCHWEBER SECURITIES S.A.,Propia,MtR
1042,62,ROAGRO SA,30559690755,42,ROAGRO SA,Terceros,MtR
2058,62,ROAGRO SA,30559690755,42,ROAGRO SA,Propia,MtR
1420,2271,PATENTE DE VALORES S A,30655864799,420,PATENTE DE VALORES S A,Terceros,MtR
6734,2271,PATENTE DE VALORES S A,30655864799,420,PATENTE DE VALORES S A,Propia,MtR
1423,2661,NACION BURSATIL  S. A.,30685227440,423,NACION BURSATIL  S. A.,Terceros,MtR
7001,2661,NACION BURSATIL  S. A.,30685227440,423,NACION BURSATIL  S. A.,Propia,MtR
1424,6735,BENEDIT BURSATIL S.A.,30663260657,424,BENEDIT BURSATIL S.A.,Terceros,MtR
7157,6735,BENEDIT BURSATIL S.A.,30663260657,424,BENEDIT BURSATIL S.A.,Propia,MtR
1425,4559,GLOBAL VALORES S.A.,30708537272,425,GLOBAL VALORES S.A.,Terceros,MtR
7158,4559,GLOBAL VALORES S.A.,30708537272,425,GLOBAL VALORES S.A.,Propia,MtR
1426,11411,RIG VALORES S.A.,30700918501,426,RIG VALORES S.A.,Terceros,MtR
7314,11411,RIG VALORES S.A.,30700918501,426,RIG VALORES S.A.,Propia,MtR
1427,8987,CUCCHIARA Y CIA S.A,30709803804,427,CUCCHIARA Y CIA S.A,Terceros,MtR
7319,8987,CUCCHIARA Y CIA S.A,30709803804,427,CUCCHIARA Y CIA S.A,Propia,MtR
1429,7118,NAPOLI INVERSIONES S A,30604474147,429,NAPOLI INVERSIONES S A,Terceros,MtR
7322,7118,NAPOLI INVERSIONES S A,30604474147,429,NAPOLI INVERSIONES S A,Propia,MtR
1437,5400,PETRINI VALORES SA,30694246369,437,PETRINI VALORES SA,Terceros,MtR
11025,5400,PETRINI VALORES SA,30694246369,437,PETRINI VALORES SA,Propia,MtR
1438,9291,ALCHEMY VALORES S.A.,30707432272,438,ALCHEMY VALORES S.A.,Terceros,MtR
11205,9291,ALCHEMY VALORES S.A.,30707432272,438,ALCHEMY VALORES S.A.,Propia,MtR
1440,13113,RABELLO Y CIA SA,30578172730,440,RABELLO Y CIA SA,Terceros,MtR
11667,13113,RABELLO Y CIA SA,30578172730,440,RABELLO Y CIA SA,Propia,MtR
1442,13458,MATEO Y MARCHIONI SOCIEDAD DE BOLSA SA,30708889128,442,MATEO Y MARCHIONI SOCIEDAD DE BOLSA SA,Terceros,MtR
11968,13458,MATEO Y MARCHIONI SOCIEDAD DE BOLSA SA,30708889128,442,MATEO Y MARCHIONI SOCIEDAD DE BOLSA SA,Propia,MtR
1443,14386,TAVELLI Y CIA S A,30700960222,443,TAVELLI Y CIA S A,Terceros,MtR
13483,14386,TAVELLI Y CIA S A,30700960222,443,TAVELLI Y CIA S A,Propia,MtR
1445,14735,VALFINSA BURSATIL SA,33640741649,445,VALFINSA BURSATIL SA,Terceros,MtR
14107,14735,VALFINSA BURSATIL SA,33640741649,445,VALFINSA BURSATIL SA,Propia,MtR
1446,5412,MILLS CAPITAL MARKETS S.A.,30710334249,446,MILLS CAPITAL MARKETS S.A.,Terceros,MtR
15875,5412,MILLS CAPITAL MARKETS S.A.,30710334249,446,MILLS CAPITAL MARKETS S.A.,Propia,MtR
145100,4533,BANCO DE VALORES S A,30576124275,446,MILLS CAPITAL MARKETS S.A.,CER,MtR
1447,6783,NAVARRO VIOLA Y CIA S A,30547721264,447,NAVARRO VIOLA Y CIA S A,Terceros,MtR
15899,6783,NAVARRO VIOLA Y CIA S A,30547721264,447,NAVARRO VIOLA Y CIA S A,Propia,MtR
1448,7964,PROSECURITIES S.A,30709167975,448,PROSECURITIES S.A,Terceros,MtR
15916,7964,PROSECURITIES S.A,30709167975,448,PROSECURITIES S.A,Propia,MtR
1451,16533,RAVA BURSATIL SA,30595025024,451,RAVA BURSATIL SA,Terceros,MtR
18457,16533,RAVA BURSATIL SA,30595025024,451,RAVA BURSATIL SA,Propia,MtR
1457,6934,INTERVALORES GROUP S. A.,30651549600,457,INTERVALORES GROUP S. A.,Terceros,MtR
19988,6934,INTERVALORES GROUP S. A.,30651549600,457,INTERVALORES GROUP S. A.,Propia,MtR
1458,6672,LONGO ELIA BURSATIL  S A,30657443502,458,LONGO ELIA BURSATIL  S A,Terceros,MtR
20863,6672,LONGO ELIA BURSATIL  S A,30657443502,458,LONGO ELIA BURSATIL  S A,Propia,MtR
1046,66,COMERCIO INTERIOR S A,30645289826,46,COMERCIO INTERIOR S A,Terceros,MtR
2061,66,COMERCIO INTERIOR S A,30645289826,46,COMERCIO INTERIOR S A,Propia,MtR
1461,14046,AURUM VALORES SA AGENTE DE LIQUIDACION Y COMPENSACION Y AGENTE DE NEGOCIACION PROPIO,30714549835,461,AURUM VALORES SA AGENTE DE LIQUIDACION Y COMPENSACION Y AGENTE DE NEGOCIACION PROPIO,Terceros,MtR
21374,14046,AURUM VALORES SA AGENTE DE LIQUIDACION Y COMPENSACION Y AGENTE DE NEGOCIACION PROPIO,30714549835,461,AURUM VALORES SA AGENTE DE LIQUIDACION Y COMPENSACION Y AGENTE DE NEGOCIACION PROPIO,Propia,MtR
1462,19348,ARPENTA VALORES S.A,30708724668,462,ARPENTA VALORES S.A,Terceros,MtR
21382,19348,ARPENTA VALORES S.A,30708724668,462,ARPENTA VALORES S.A,Propia,MtR
1466,20990,TOMAR INVERSIONES S.A.,30714446467,466,TOMAR INVERSIONES S.A.,Terceros,MtR
23177,20990,TOMAR INVERSIONES S.A.,30714446467,466,TOMAR INVERSIONES S.A.,Propia,MtR
1469,22959,COMPAÑIA GLOBAL DE INVERSIONES S.A,30708813547,469,COMPAÑIA GLOBAL DE INVERSIONES S.A,Terceros,MtR
25545,22959,COMPAÑIA GLOBAL DE INVERSIONES S.A,30708813547,469,COMPAÑIA GLOBAL DE INVERSIONES S.A,Propia,MtR
102300,4046,AGROINVERSIONES PAMPEANAS S.A.,30709190322,47,AGROINVERSIONES PAMPEANAS S.A.,Propia,MtR
1047,4046,AGROINVERSIONES PAMPEANAS S.A.,30709190322,47,AGROINVERSIONES PAMPEANAS S.A.,Terceros,MtR
1474,13909,SAILING S.A.,30714728047,474,SAILING S.A.,Terceros,MtR
26278,13909,SAILING S.A.,30714728047,474,SAILING S.A.,Propia,MtR
1475,24906,GMA CAPITAL S.A.,33711585619,475,GMA CAPITAL S.A.,Terceros,MtR
27693,24906,GMA CAPITAL S.A.,33711585619,475,GMA CAPITAL S.A.,Propia,MtR
1476,28570,CONO SUR INVERSIONES S.A.,30715199579,476,CONO SUR INVERSIONES S.A.,Terceros,MtR
31605,28570,CONO SUR INVERSIONES S.A.,30715199579,476,CONO SUR INVERSIONES S.A.,Propia,MtR
1478,29751,AR PARTNERS S.A.,30685182226,478,AR PARTNERS S.A.,Terceros,MtR
32831,29751,AR PARTNERS S.A.,30685182226,478,AR PARTNERS S.A.,Propia,MtR
1481,33745,BANCO DE INVERSION Y COMERCIO EXTERIOR SOCIEDAD ANONIMA,30651129083,481,BANCO DE INVERSION Y COMERCIO EXTERIOR SOCIEDAD ANONIMA,Terceros,MtR
37317,33745,BANCO DE INVERSION Y COMERCIO EXTERIOR SOCIEDAD ANONIMA,30651129083,481,BANCO DE INVERSION Y COMERCIO EXTERIOR SOCIEDAD ANONIMA,Propia,MtR
1049,422,AGRICULTORES FEDERADOS ARGENTINOS SOC COOP LTDA,30525718626,49,AGRICULTORES FEDERADOS ARGENTINOS SOC COOP LTDA,Terceros,MtR
2425,422,AGRICULTORES FEDERADOS ARGENTINOS SOC COOP LTDA,30525718626,49,AGRICULTORES FEDERADOS ARGENTINOS SOC COOP LTDA,Propia,MtR
1005,4873,BANCO JULIO S.A.,30657441216,5,BANCO JULIO S.A.,Terceros,MtR
82000,4873,BANCO JULIO S.A.,30657441216,5,BANCO JULIO S.A.,Propia,MtR
1050,5041390,INVERSORA CREDITAL SA,30715137603,50,INVERSORA CREDITAL SA,Terceros,MtR
95500,5041390,INVERSORA CREDITAL SA,30715137603,50,INVERSORA CREDITAL SA,Propia,MtR
1500,6234,GRUPO FINANCIERO VALORES  S A,30525318377,500,GRUPO FINANCIERO VALORES  S A,Propia,MtR
1501,8138,A.C. INVERSORA S.A.,30707265414,501,A.C. INVERSORA S.A.,Propia,MtR
10250,2674,ENLACE INT S.A.,30661896910,501,A.C. INVERSORA S.A.,ACVN,MtR
10251,3039,J A Y ASOCIADOS  S A,30663481793,501,A.C. INVERSORA S.A.,ACVN,MtR
10253,6983,SERVICIO DE ASESORAMIENTO Y ADMINISTRACION FINANCIERO S.A.,30710313128,501,A.C. INVERSORA S.A.,ACVN,MtR
10254,6602,FES S.A.,30710981945,501,A.C. INVERSORA S.A.,ACVN,MtR
10255,6696,BT BROKERS SA,30711295654,501,A.C. INVERSORA S.A.,ACVN,MtR
10257,8908,GLOBAL TRADING DESK S.A.,30713641207,501,A.C. INVERSORA S.A.,ACVN,MtR
33548,30386,TRADITION ARGENTINA S A,30687218996,501,A.C. INVERSORA S.A.,ACVN,MtR
41117,36360,AGRIMAX SA,30696406169,501,A.C. INVERSORA S.A.,Terceros,MtR
10682,12222,ADCAP ASSET MANAGEMENT SOCIEDAD GERENTE DE FONDOS COMUNES DE INVERSION S.A.,30710198388,502,A.C. INVERSORA S.A.,Terceros,MtR
10683,2895,BALANZ SOCIEDAD GERENTE DE FONDOS COMUNES DE INVERSION S A U,33708123469,502,A.C. INVERSORA S.A.,Terceros,MtR
1503,12799,MERCADO ABIERTO ELECTRONICO S.A.,33628189159,503,MERCADO ABIERTO ELECTRONICO S.A.,Propia,MtR
1504,2461,MERCADO ARGENTINO DE VALORES SA,30529177875,504,MERCADO ARGENTINO DE VALORES SA,Propia,MtR
1505,28215,MATBA ROFEX  S A,30525698412,505,MATBA ROFEX  S A,Propia,MtR
5074,28215,MATBA ROFEX  S A,30525698412,505,MATBA ROFEX  S A,CEL,MtR
1506,658821,INVOITRADE S.A.,30716398230,506,INVOITRADE S.A.,Terceros,MtR
65999,658821,INVOITRADE S.A.,30716398230,506,INVOITRADE S.A.,Propia,MtR
149150,15807,CRECER S.G.R.,30711015805,506,INVOITRADE S.A.,CER,MtR
1507,28215,MATBA ROFEX  S A,30525698412,507,MATBA ROFEX  S A,Propia,MtR
5071,28215,MATBA ROFEX  S A,30525698412,507,MATBA ROFEX  S A,CEL,MtR
5072,28215,MATBA ROFEX  S A,30525698412,507,MATBA ROFEX  S A,CEL,MtR
5073,28215,MATBA ROFEX  S A,30525698412,507,MATBA ROFEX  S A,CEL,MtR
5075,28215,MATBA ROFEX  S A,30525698412,507,MATBA ROFEX  S A,CEL,MtR
1508,5407213,FINOVA,30716827638,508,FINOVA,Terceros,MtR
142785,5407213,FINOVA,30716827638,508,FINOVA,Propia,MtR
1509,7385592,CENTRO DE CORREDORES Y AGENTES DE LA    BOLSA DE CEREALES,30525822482,509,CENTRO DE CORREDORES Y AGENTES DE LA    BOLSA DE CEREALES,Propia,MtR
1051,20629,ALYCBUR S. A.,30714366323,51,ALYCBUR S. A.,Terceros,MtR
98100,20629,ALYCBUR S. A.,30714366323,51,ALYCBUR S. A.,Propia,MtR
1520,28215,MATBA ROFEX  S A,30525698412,520,MATBA ROFEX  S A,Terceros,MtR
31223,28215,MATBA ROFEX  S A,30525698412,520,MATBA ROFEX  S A,Propia,MtR
1524,30200,NEXO AGENTE DE LIQUIDACION Y COMPENSACION INTEGRAL S.A.,30714515329,520,MATBA ROFEX  S A,Terceros,MtR
35420,14738,AGROVE S.R.L.,30712139281,520,MATBA ROFEX  S A,Terceros,MtR
35572,32250,PROVINEX SA,30708091134,520,MATBA ROFEX  S A,Terceros,MtR
36685,6561,DILLON WILLIAM SRL,30711263787,520,MATBA ROFEX  S A,Terceros,MtR
37885,24964,COLOMBO Y MAGLIANO SA AGRICOLA GANADERA Y COMERCIAL,30520760535,520,MATBA ROFEX  S A,Terceros,MtR
1533,4584,CONDORES SA,30707661026,520,MATBA ROFEX  S A,Terceros,MtR
41066,1159,COMPA#IA GENERAL DEL TERMINO S A,30690743295,520,MATBA ROFEX  S A,Terceros,MtR
1526,5099,AGRINTER CEREALES   S R L,30708974737,526,AGRINTER CEREALES   S R L,Terceros,MtR
34797,5099,AGRINTER CEREALES   S R L,30708974737,526,AGRINTER CEREALES   S R L,Propia,MtR
34799,720,MORGAN GARCIA MANSILLA Y CIA S A,30607987277,527,MORGAN GARCIA MANSILLA Y CIA S A,Propia,MtR
1527,720,MORGAN GARCIA MANSILLA Y CIA S A,30607987277,527,MORGAN GARCIA MANSILLA Y CIA S A,Terceros,MtR
1053,2,BARRILLI SOCIEDAD ANONIMA,30541906564,53,BARRILLI SOCIEDAD ANONIMA,Terceros,MtR
101930,2,BARRILLI SOCIEDAD ANONIMA,30541906564,53,BARRILLI SOCIEDAD ANONIMA,Propia,MtR
1530,3694,A & J NARI S A,30708589639,530,A & J NARI S A,Terceros,MtR
38049,3694,A & J NARI S A,30708589639,530,A & J NARI S A,Propia,MtR
1535,38016,MBC CORREDORES DE CEREALES S.R.L.,30708780436,535,MBC CORREDORES DE CEREALES S.R.L.,Terceros,MtR
42071,38016,MBC CORREDORES DE CEREALES S.R.L.,30708780436,535,MBC CORREDORES DE CEREALES S.R.L.,Propia,MtR
1536,12636,CORTINA BERUATTO S A,30598973780,536,CORTINA BERUATTO S A,Terceros,MtR
44846,12636,CORTINA BERUATTO S A,30598973780,536,CORTINA BERUATTO S A,Propia,MtR
1054,710407,DFC CAPITAL MANAGEMENT S.A.,30711381984,54,DFC CAPITAL MANAGEMENT S.A.,Terceros,MtR
101900,710407,DFC CAPITAL MANAGEMENT S.A.,30711381984,54,DFC CAPITAL MANAGEMENT S.A.,Propia,MtR
1055,428,ACEITERA GENERAL DEHEZA S A,30502874353,55,ACEITERA GENERAL DEHEZA S A,Terceros,MtR
3810,428,ACEITERA GENERAL DEHEZA S A,30502874353,55,ACEITERA GENERAL DEHEZA S A,Propia,MtR
1056,4281,BOGGIO SOSA SA,30709979821,56,BOGGIO SOSA SA,Terceros,MtR
101899,4281,BOGGIO SOSA SA,30709979821,56,BOGGIO SOSA SA,Propia,MtR
102500,6674,CEREALES DEL PLATA S A,30628383061,58,CEREALES DEL PLATA S A,Propia,MtR
1058,6674,CEREALES DEL PLATA S A,30628383061,58,CEREALES DEL PLATA S A,Terceros,MtR
1059,6460,CAMPOS Y NEGOCIOS S.A.,30709795518,59,CAMPOS Y NEGOCIOS S.A.,Terceros,MtR
102600,6460,CAMPOS Y NEGOCIOS S.A.,30709795518,59,CAMPOS Y NEGOCIOS S.A.,Propia,MtR
1060,5189,CHASCO DANNA Y COMPAÑIA SOCIEDAD DE RESPONSABILIDAD LIMITADA,30538239247,60,CHASCO DANNA Y COMPAÑIA SOCIEDAD DE RESPONSABILIDAD LIMITADA,Terceros,MtR
102700,5189,CHASCO DANNA Y COMPAÑIA SOCIEDAD DE RESPONSABILIDAD LIMITADA,30538239247,60,CHASCO DANNA Y COMPAÑIA SOCIEDAD DE RESPONSABILIDAD LIMITADA,Propia,MtR
1603,6345,BANCO COMAFI SOCIEDAD ANONIMA,30604731018,603,BANCO COMAFI SOCIEDAD ANONIMA,CEL,MtR
1062,33498,GRAIN SOLUTION SA,30708216913,62,GRAIN SOLUTION SA,Terceros,MtR
102900,33498,GRAIN SOLUTION SA,30708216913,62,GRAIN SOLUTION SA,Propia,MtR
1620,2888,BANCO MARIVA S A,30516420444,620,BANCO MARIVA S A,Propia,MtR
60000,18960,MARIVA ASSET MANAGEMENT SOCIEDAD ANONIMA UNIPERSONAL SOCIEDAD GERENTE DE FONDOS COMUNES DE INVERSION,30711653135,620,BANCO MARIVA S A,CEL,MtR
1621,6345,BANCO COMAFI SOCIEDAD ANONIMA,30604731018,621,BANCO COMAFI SOCIEDAD ANONIMA,Propia,MtR
60002,25573,AXIS SOCIEDAD GERENTE DE FONDOS COMUNES DE INVERSION S.A.,30712241450,621,BANCO COMAFI SOCIEDAD ANONIMA,CEL,MtR
60003,13958,GALILEO ARGENTINA SOCIEDAD GERENTE DE FONDOS COMUNES DE INVERSION SA,30694367255,621,BANCO COMAFI SOCIEDAD ANONIMA,CEL,MtR
60006,225390,BULL MARKET ASSET MANAGEMENT SA,33715593209,621,BANCO COMAFI SOCIEDAD ANONIMA,CEL,MtR
60009,39064,MEGAINVER  S.A.,30712126457,621,BANCO COMAFI SOCIEDAD ANONIMA,CEL,MtR
60011,12222,ADCAP ASSET MANAGEMENT SOCIEDAD GERENTE DE FONDOS COMUNES DE INVERSION S.A.,30710198388,621,BANCO COMAFI SOCIEDAD ANONIMA,CEL,MtR
60012,2576,COHEN S.A.,30558543317,621,BANCO COMAFI SOCIEDAD ANONIMA,CEL,MtR
60016,4319,STONEX ASSET MANAGEMENT SA,30693764943,621,BANCO COMAFI SOCIEDAD ANONIMA,CEL,MtR
60018,39059,CAPITAL MARKETS ARGENTINA ASSET MANAGEMENT S.A.,30656296840,621,BANCO COMAFI SOCIEDAD ANONIMA,CEL,MtR
80000,35675,IEB S.A.,33715646469,621,BANCO COMAFI SOCIEDAD ANONIMA,CEL,MtR
141000,10892,SOUTHERN TRUST SOCIEDAD GERENTE DE FONDOS COMUNES DE INVERSION S.A. ,33710608909,621,BANCO COMAFI SOCIEDAD ANONIMA,CEL,MtR
144300,42309,ZOFINGEN INVESTMENT SA,30546826321,621,BANCO COMAFI SOCIEDAD ANONIMA,CEL,MtR
146600,2895,BALANZ SOCIEDAD GERENTE DE FONDOS COMUNES DE INVERSION S A U,33708123469,621,BANCO COMAFI SOCIEDAD ANONIMA,CEL,MtR
149200,13813,DELTA ASSET MANAGEMENT S.A,33709172919,621,BANCO COMAFI SOCIEDAD ANONIMA,CEL,MtR
159200,5023,DRACMA SA,30708871903,621,BANCO COMAFI SOCIEDAD ANONIMA,CEL,MtR
1622,2640,BANCO INDUSTRIAL SOCIEDAD ANONIMA,30685029959,622,BANCO INDUSTRIAL SOCIEDAD ANONIMA,Propia,MtR
60004,34009,INDUSTRIAL ASSET MANAGEMENT SGFCI S.A.,30619740854,622,BANCO INDUSTRIAL SOCIEDAD ANONIMA,CEL,MtR
1623,16659,BANCO CMF SOCIEDAD ANONIMA,30576614299,623,BANCO CMF SOCIEDAD ANONIMA,Propia,MtR
60007,39067,CMF ASSET MANAGEMENT S.A.U.,30715403435,623,BANCO CMF SOCIEDAD ANONIMA,CEL,MtR
1624,11152,BANCO DE SERVICIOS Y TRANSACCIONES S.A,30704960995,624,BANCO DE SERVICIOS Y TRANSACCIONES S.A,Propia,MtR
77777,31604,QM ASSET MANAGEMENT SOCIEDAD GERENTE DE FCI SA,33709965579,624,BANCO DE SERVICIOS Y TRANSACCIONES S.A,CEL,MtR
1625,3997,BACS BANCO DE CREDITO Y SECURITIZACION S.A,30707227415,625,BACS BANCO DE CREDITO Y SECURITIZACION S.A,Propia,MtR
60017,25574,BACS ADMINISTRADORA DE ACTIVOS S.A. SOC.GTE. DE FOND.COM. DE I,30660515980,625,BACS BANCO DE CREDITO Y SECURITIZACION S.A,CEL,MtR
1626,3817,BANCO DE GALICIA Y BUENOS AIRES S A U,30500001735,626,BANCO DE GALICIA Y BUENOS AIRES S A U,Propia,MtR
70000,15783,GALICIA ADMINISTRADORA DE FONDOS S A,30517342064,626,BANCO DE GALICIA Y BUENOS AIRES S A U,CEL,MtR
60001,10892,SOUTHERN TRUST SOCIEDAD GERENTE DE FONDOS COMUNES DE INVERSION S.A. ,33710608909,627,BANCO DE VALORES S A,CEL,MtR
60005,2895,BALANZ SOCIEDAD GERENTE DE FONDOS COMUNES DE INVERSION S A U,33708123469,627,BANCO DE VALORES S A,CEL,MtR
60008,39064,MEGAINVER  S.A.,30712126457,627,BANCO DE VALORES S A,CEL,MtR
1627,4533,BANCO DE VALORES S A,30576124275,627,BANCO DE VALORES S A,Propia,MtR
60020,17154,SBS ASSET MANAGEMENT S.A.  SOCIEDAD GERENTE DEFONDOS COMUNES E INVERSION-,30710222858,627,BANCO DE VALORES S A,CEL,MtR
88888,13813,DELTA ASSET MANAGEMENT S.A,33709172919,627,BANCO DE VALORES S A,CEL,MtR
95867,13003,INVESTIS ASSET MANAGEMENT S.A.S.G.F.C.I.,30697265410,627,BANCO DE VALORES S A,CEL,MtR
103000,26928,SCHRODER   S A  SOCIEDAD GERENTE  DE FONDOS COMUNES DE INVERSION,30616836869,627,BANCO DE VALORES S A,CEL,MtR
104000,39059,CAPITAL MARKETS ARGENTINA ASSET MANAGEMENT S.A.,30656296840,627,BANCO DE VALORES S A,CEL,MtR
141100,14386,TAVELLI Y CIA S A,30700960222,627,BANCO DE VALORES S A,CEL,MtR
144044,15117,FIRST CAPITAL MARKETS SA,30712239383,627,BANCO DE VALORES S A,CEL,MtR
155060,6000515,UALINTEC INVERSIONES SAU SOCIEDAD GERENTE DE FONDOS COMUNES DE INVERSION,30716658984,627,BANCO DE VALORES S A,CEL,MtR
158851,1800193,NOVUS ASSET MANAGEMENT S.A.,30716485419,627,BANCO DE VALORES S A,CEL,MtR
1628,2688,BANCO MACRO SOCIEDAD ANONIMA,30500010084,628,BANCO MACRO SOCIEDAD ANONIMA,Propia,MtR
143100,11197,ARGENFUNDS S.A.,30711596603,628,BANCO MACRO SOCIEDAD ANONIMA,CEL,MtR
102750,422,AGRICULTORES FEDERADOS ARGENTINOS SOC COOP LTDA,30525718626,64,AGRICULTORES FEDERADOS ARGENTINOS SOC COOP LTDA,Propia,MtR
1064,422,AGRICULTORES FEDERADOS ARGENTINOS SOC COOP LTDA,30525718626,64,AGRICULTORES FEDERADOS ARGENTINOS SOC COOP LTDA,Terceros,MtR
1065,918496,JOVICER SOCIEDAD ANONIMA,30598076452,65,JOVICER SOCIEDAD ANONIMA,Terceros,MtR
103180,918496,JOVICER SOCIEDAD ANONIMA,30598076452,65,JOVICER SOCIEDAD ANONIMA,Propia,MtR
103275,3786,AVIGLIANO Y CIA SRL,30708556080,66,AVIGLIANO Y CIA SRL,Propia,MtR
1066,3786,AVIGLIANO Y CIA SRL,30708556080,66,AVIGLIANO Y CIA SRL,Terceros,MtR
103500,1867,WALTER PONCIO Y CIA S.A,30707268405,68,WALTER PONCIO Y CIA S.A,Propia,MtR
1068,1867,WALTER PONCIO Y CIA S.A,30707268405,68,WALTER PONCIO Y CIA S.A,Terceros,MtR
85000,2041604,VILCO INVERSIONES S.A.,30715478281,7,VILCO INVERSIONES S.A.,Propia,MtR
1070,719,MOLINOS RIO DE LA PLATA S A,30500858628,70,MOLINOS RIO DE LA PLATA S A,Terceros,MtR
2708,719,MOLINOS RIO DE LA PLATA S A,30500858628,70,MOLINOS RIO DE LA PLATA S A,Propia,MtR
44347,4132,SJB S. A.,30539556785,707,SJB S. A.,Propia,MtR
104100,517,SOLA CEREALES S A,33632186849,72,SOLA CEREALES S A,Propia,MtR
1072,517,SOLA CEREALES S A,33632186849,72,SOLA CEREALES S A,Terceros,MtR
104150,6424,CENTRO CORREDORA S.A.,30708242124,74,CENTRO CORREDORA S.A.,Propia,MtR
1074,6424,CENTRO CORREDORA S.A.,30708242124,74,CENTRO CORREDORA S.A.,Terceros,MtR
1077,759,MANDATO SRL,30654352387,77,MANDATO SRL,Terceros,MtR
2744,759,MANDATO SRL,30654352387,77,MANDATO SRL,Propia,MtR
77000,8757,VERSATIL INVERSIONES Y TRANSACCIONES  S.A.,30710552254,77000,VERSATIL INVERSIONES Y TRANSACCIONES  S.A.,Propia,MtR
1078,647855,PEDRA GONZALEZ Y CIA S A,30554727596,78,PEDRA GONZALEZ Y CIA S A,Terceros,MtR
104200,647855,PEDRA GONZALEZ Y CIA S A,30554727596,78,PEDRA GONZALEZ Y CIA S A,Propia,MtR
1079,787,DUKAREVICH S A,30517535571,79,DUKAREVICH S A,Terceros,MtR
2770,787,DUKAREVICH S A,30517535571,79,DUKAREVICH S A,Propia,MtR
1008,10,ASOCIACION DE COOPERATIVAS ARGENTINAS COOP LTDA,30500120882,8,ASOCIACION DE COOPERATIVAS ARGENTINAS COOP LTDA,Terceros,MtR
2008,10,ASOCIACION DE COOPERATIVAS ARGENTINAS COOP LTDA,30500120882,8,ASOCIACION DE COOPERATIVAS ARGENTINAS COOP LTDA,Propia,MtR
1800,2461,MERCADO ARGENTINO DE VALORES SA,30529177875,800,MERCADO ARGENTINO DE VALORES SA,Terceros,MtR
27624,2461,MERCADO ARGENTINO DE VALORES SA,30529177875,800,MERCADO ARGENTINO DE VALORES SA,Propia,MtR
1803,11415,INTEGRAR S.A.,30714369098,800,MERCADO ARGENTINO DE VALORES SA,CEL,MtR
1816,524296,V.N.R.  SA,30709903248,800,MERCADO ARGENTINO DE VALORES SA,CEL,MtR
1802,2765,OPTION SECURITIES S.A,30708050675,802,OPTION SECURITIES S.A,Terceros,MtR
27642,2765,OPTION SECURITIES S.A,30708050675,802,OPTION SECURITIES S.A,Propia,MtR
143500,4533,BANCO DE VALORES S A,30576124275,802,OPTION SECURITIES S.A,CER,MtR
1810,6800,BAHIA BLANCA SOCIEDAD DE BOLSA SAU,30664155873,810,BAHIA BLANCA SOCIEDAD DE BOLSA SAU,Terceros,MtR
48001,6800,BAHIA BLANCA SOCIEDAD DE BOLSA SAU,30664155873,810,BAHIA BLANCA SOCIEDAD DE BOLSA SAU,Propia,MtR
140550,18,BOERO Y CIA S A,30534987753,84,BOERO Y CIA S A,Propia,MtR
1084,18,BOERO Y CIA S A,30534987753,84,BOERO Y CIA S A,Terceros,MtR
1085,805,NEGOCIOS DE GRANOS SOCIEDAD ANONIMA,30663380865,85,NEGOCIOS DE GRANOS SOCIEDAD ANONIMA,Terceros,MtR
140695,805,NEGOCIOS DE GRANOS SOCIEDAD ANONIMA,30663380865,85,NEGOCIOS DE GRANOS SOCIEDAD ANONIMA,Propia,MtR
1086,536,MERCADO INTERNO SA,30680471114,86,MERCADO INTERNO SA,Terceros,MtR
141575,536,MERCADO INTERNO SA,30680471114,86,MERCADO INTERNO SA,Propia,MtR
1088,60,COFCO INTERNATIONAL ARGENTINA S.A.,33506737449,88,COFCO INTERNATIONAL ARGENTINA S.A.,Terceros,MtR
141803,60,COFCO INTERNATIONAL ARGENTINA S.A.,33506737449,88,COFCO INTERNATIONAL ARGENTINA S.A.,Propia,MtR
83000,2097704,DESCONTA TU FACTURA S.A.,30716564513,9,DESCONTA TU FACTURA S.A.,Propia,MtR
1009,2097704,DESCONTA TU FACTURA S.A.,30716564513,9,DESCONTA TU FACTURA S.A.,Terceros,MtR
1090,4356,COOPERATIVAS AGROPECUARIAS FEDERADAS DE ENTRE RIOS COOP. LTDA.,30700191849,90,COOPERATIVAS AGROPECUARIAS FEDERADAS DE ENTRE RIOS COOP. LTDA.,Terceros,MtR
141585,4356,COOPERATIVAS AGROPECUARIAS FEDERADAS DE ENTRE RIOS COOP. LTDA.,30700191849,90,COOPERATIVAS AGROPECUARIAS FEDERADAS DE ENTRE RIOS COOP. LTDA.,Propia,MtR
1092,3961,AGROSAFE SRL,33709450919,92,AGROSAFE SRL,Terceros,MtR
6724,3961,AGROSAFE SRL,33709450919,92,AGROSAFE SRL,Propia,MtR
48900,422,AGRICULTORES FEDERADOS ARGENTINOS SOC COOP LTDA,30525718626,92,AGROSAFE SRL,CEL,MtR
41116,37160,MUNICH RE TRADING LLC,30715910965,935,MUNICH RE TRADING LLC,Propia,MtR
